capture_ts,fmt,year,month,anom_c
20240303095505,txt,2012,1,0.47
20240303095505,txt,2012,2,0.49
20240303095505,txt,2012,3,0.58
20240303095505,txt,2012,4,0.73
20240303095505,txt,2012,5,0.78
20240303095505,txt,2012,6,0.64
20240303095505,txt,2012,7,0.58
20240303095505,txt,2012,8,0.66
20240303095505,txt,2012,9,0.72
20240303095505,txt,2012,10,0.8
20240303095505,txt,2012,11,0.78
20240303095505,txt,2012,12,0.53
20240303095505,txt,2013,1,0.71
20240303095505,txt,2013,2,0.62
20240303095505,txt,2013,3,0.67
20240303095505,txt,2013,4,0.54
20240303095505,txt,2013,5,0.61
20240303095505,txt,2013,6,0.69
20240303095505,txt,2013,7,0.6
20240303095505,txt,2013,8,0.7
20240303095505,txt,2013,9,0.76
20240303095505,txt,2013,10,0.69
20240303095505,txt,2013,11,0.83
20240303095505,txt,2013,12,0.7
20240303095505,txt,2014,1,0.76
20240303095505,txt,2014,2,0.55
20240303095505,txt,2014,3,0.78
20240303095505,txt,2014,4,0.79
20240303095505,txt,2014,5,0.86
20240303095505,txt,2014,6,0.67
20240303095505,txt,2014,7,0.58
20240303095505,txt,2014,8,0.83
20240303095505,txt,2014,9,0.87
20240303095505,txt,2014,10,0.8
20240303095505,txt,2014,11,0.66
20240303095505,txt,2014,12,0.78
20240303095505,txt,2015,1,0.87
20240303095505,txt,2015,2,0.9
20240303095505,txt,2015,3,0.96
20240303095505,txt,2015,4,0.76
20240303095505,txt,2015,5,0.8
20240303095505,txt,2015,6,0.81
20240303095505,txt,2015,7,0.73
20240303095505,txt,2015,8,0.79
20240303095505,txt,2015,9,0.85
20240303095505,txt,2015,10,1.09
20240303095505,txt,2015,11,1.06
20240303095505,txt,2015,12,1.17
20240303095505,txt,2016,1,1.18
20240303095505,txt,2016,2,1.37
20240303095505,txt,2016,3,1.36
20240303095505,txt,2016,4,1.1
20240303095505,txt,2016,5,0.95
20240303095505,txt,2016,6,0.79
20240303095505,txt,2016,7,0.85
20240303095505,txt,2016,8,1.02
20240303095505,txt,2016,9,0.9
20240303095505,txt,2016,10,0.88
20240303095505,txt,2016,11,0.92
20240303095505,txt,2016,12,0.87
20240303095505,txt,2017,1,1.03
20240303095505,txt,2017,2,1.14
20240303095505,txt,2017,3,1.16
20240303095505,txt,2017,4,0.94
20240303095505,txt,2017,5,0.91
20240303095505,txt,2017,6,0.71
20240303095505,txt,2017,7,0.81
20240303095505,txt,2017,8,0.87
20240303095505,txt,2017,9,0.76
20240303095505,txt,2017,10,0.9
20240303095505,txt,2017,11,0.88
20240303095505,txt,2017,12,0.93
20240303095505,txt,2018,1,0.83
20240303095505,txt,2018,2,0.85
20240303095505,txt,2018,3,0.88
20240303095505,txt,2018,4,0.89
20240303095505,txt,2018,5,0.82
20240303095505,txt,2018,6,0.77
20240303095505,txt,2018,7,0.82
20240303095505,txt,2018,8,0.77
20240303095505,txt,2018,9,0.8
20240303095505,txt,2018,10,1.01
20240303095505,txt,2018,11,0.82
20240303095505,txt,2018,12,0.92
20240303095505,txt,2019,1,0.94
20240303095505,txt,2019,2,0.95
20240303095505,txt,2019,3,1.17
20240303095505,txt,2019,4,1.01
20240303095505,txt,2019,5,0.85
20240303095505,txt,2019,6,0.9
20240303095505,txt,2019,7,0.94
20240303095505,txt,2019,8,0.95
20240303095505,txt,2019,9,0.92
20240303095505,txt,2019,10,1.0
20240303095505,txt,2019,11,0.99
20240303095505,txt,2019,12,1.1
20240303095505,txt,2020,1,1.17
20240303095505,txt,2020,2,1.24
20240303095505,txt,2020,3,1.17
20240303095505,txt,2020,4,1.13
20240303095505,txt,2020,5,1.01
20240303095505,txt,2020,6,0.91
20240303095505,txt,2020,7,0.89
20240303095505,txt,2020,8,0.87
20240303095505,txt,2020,9,0.98
20240303095505,txt,2020,10,0.87
20240303095505,txt,2020,11,1.1
20240303095505,txt,2020,12,0.8
20240303095505,txt,2021,1,0.81
20240303095505,txt,2021,2,0.64
20240303095505,txt,2021,3,0.88
20240303095505,txt,2021,4,0.75
20240303095505,txt,2021,5,0.78
20240303095505,txt,2021,6,0.84
20240303095505,txt,2021,7,0.91
20240303095505,txt,2021,8,0.81
20240303095505,txt,2021,9,0.92
20240303095505,txt,2021,10,0.99
20240303095505,txt,2021,11,0.93
20240303095505,txt,2021,12,0.86
20240303095505,txt,2022,1,0.91
20240303095505,txt,2022,2,0.89
20240303095505,txt,2022,3,1.05
20240303095505,txt,2022,4,0.83
20240303095505,txt,2022,5,0.84
20240303095505,txt,2022,6,0.92
20240303095505,txt,2022,7,0.93
20240303095505,txt,2022,8,0.95
20240303095505,txt,2022,9,0.89
20240303095505,txt,2022,10,0.96
20240303095505,txt,2022,11,0.72
20240303095505,txt,2022,12,0.8
20240303095505,txt,2023,1,0.87
20240303095505,txt,2023,2,0.97
20240303095505,txt,2023,3,1.2
20240303095505,txt,2023,4,1.0
20240303095505,txt,2023,5,0.93
20240303095505,txt,2023,6,1.08
20240303095505,txt,2023,7,1.18
20240303095505,txt,2023,8,1.19
20240303095505,txt,2023,9,1.47
20240303095505,txt,2023,10,1.33
20240303095505,txt,2023,11,1.42
20240303095505,txt,2023,12,1.35
20240303095505,txt,2024,1,1.21
20240312092549,txt,2012,1,0.47
20240312092549,txt,2012,2,0.49
20240312092549,txt,2012,3,0.58
20240312092549,txt,2012,4,0.73
20240312092549,txt,2012,5,0.78
20240312092549,txt,2012,6,0.64
20240312092549,txt,2012,7,0.58
20240312092549,txt,2012,8,0.66
20240312092549,txt,2012,9,0.72
20240312092549,txt,2012,10,0.8
20240312092549,txt,2012,11,0.78
20240312092549,txt,2012,12,0.53
20240312092549,txt,2013,1,0.71
20240312092549,txt,2013,2,0.62
20240312092549,txt,2013,3,0.67
20240312092549,txt,2013,4,0.54
20240312092549,txt,2013,5,0.61
20240312092549,txt,2013,6,0.69
20240312092549,txt,2013,7,0.6
20240312092549,txt,2013,8,0.7
20240312092549,txt,2013,9,0.76
20240312092549,txt,2013,10,0.69
20240312092549,txt,2013,11,0.83
20240312092549,txt,2013,12,0.7
20240312092549,txt,2014,1,0.76
20240312092549,txt,2014,2,0.55
20240312092549,txt,2014,3,0.78
20240312092549,txt,2014,4,0.8
20240312092549,txt,2014,5,0.86
20240312092549,txt,2014,6,0.67
20240312092549,txt,2014,7,0.58
20240312092549,txt,2014,8,0.83
20240312092549,txt,2014,9,0.87
20240312092549,txt,2014,10,0.8
20240312092549,txt,2014,11,0.66
20240312092549,txt,2014,12,0.78
20240312092549,txt,2015,1,0.87
20240312092549,txt,2015,2,0.9
20240312092549,txt,2015,3,0.96
20240312092549,txt,2015,4,0.76
20240312092549,txt,2015,5,0.8
20240312092549,txt,2015,6,0.81
20240312092549,txt,2015,7,0.73
20240312092549,txt,2015,8,0.79
20240312092549,txt,2015,9,0.85
20240312092549,txt,2015,10,1.09
20240312092549,txt,2015,11,1.06
20240312092549,txt,2015,12,1.17
20240312092549,txt,2016,1,1.18
20240312092549,txt,2016,2,1.37
20240312092549,txt,2016,3,1.35
20240312092549,txt,2016,4,1.1
20240312092549,txt,2016,5,0.95
20240312092549,txt,2016,6,0.8
20240312092549,txt,2016,7,0.85
20240312092549,txt,2016,8,1.02
20240312092549,txt,2016,9,0.9
20240312092549,txt,2016,10,0.88
20240312092549,txt,2016,11,0.92
20240312092549,txt,2016,12,0.87
20240312092549,txt,2017,1,1.03
20240312092549,txt,2017,2,1.14
20240312092549,txt,2017,3,1.16
20240312092549,txt,2017,4,0.94
20240312092549,txt,2017,5,0.91
20240312092549,txt,2017,6,0.71
20240312092549,txt,2017,7,0.82
20240312092549,txt,2017,8,0.87
20240312092549,txt,2017,9,0.77
20240312092549,txt,2017,10,0.9
20240312092549,txt,2017,11,0.88
20240312092549,txt,2017,12,0.93
20240312092549,txt,2018,1,0.83
20240312092549,txt,2018,2,0.85
20240312092549,txt,2018,3,0.89
20240312092549,txt,2018,4,0.89
20240312092549,txt,2018,5,0.82
20240312092549,txt,2018,6,0.77
20240312092549,txt,2018,7,0.83
20240312092549,txt,2018,8,0.77
20240312092549,txt,2018,9,0.8
20240312092549,txt,2018,10,1.01
20240312092549,txt,2018,11,0.82
20240312092549,txt,2018,12,0.92
20240312092549,txt,2019,1,0.94
20240312092549,txt,2019,2,0.95
20240312092549,txt,2019,3,1.17
20240312092549,txt,2019,4,1.01
20240312092549,txt,2019,5,0.85
20240312092549,txt,2019,6,0.9
20240312092549,txt,2019,7,0.94
20240312092549,txt,2019,8,0.95
20240312092549,txt,2019,9,0.92
20240312092549,txt,2019,10,1.0
20240312092549,txt,2019,11,0.99
20240312092549,txt,2019,12,1.1
20240312092549,txt,2020,1,1.17
20240312092549,txt,2020,2,1.24
20240312092549,txt,2020,3,1.17
20240312092549,txt,2020,4,1.13
20240312092549,txt,2020,5,1.01
20240312092549,txt,2020,6,0.91
20240312092549,txt,2020,7,0.89
20240312092549,txt,2020,8,0.87
20240312092549,txt,2020,9,0.98
20240312092549,txt,2020,10,0.87
20240312092549,txt,2020,11,1.1
20240312092549,txt,2020,12,0.8
20240312092549,txt,2021,1,0.81
20240312092549,txt,2021,2,0.64
20240312092549,txt,2021,3,0.88
20240312092549,txt,2021,4,0.75
20240312092549,txt,2021,5,0.78
20240312092549,txt,2021,6,0.84
20240312092549,txt,2021,7,0.92
20240312092549,txt,2021,8,0.82
20240312092549,txt,2021,9,0.92
20240312092549,txt,2021,10,0.99
20240312092549,txt,2021,11,0.94
20240312092549,txt,2021,12,0.86
20240312092549,txt,2022,1,0.91
20240312092549,txt,2022,2,0.89
20240312092549,txt,2022,3,1.05
20240312092549,txt,2022,4,0.83
20240312092549,txt,2022,5,0.84
20240312092549,txt,2022,6,0.92
20240312092549,txt,2022,7,0.94
20240312092549,txt,2022,8,0.95
20240312092549,txt,2022,9,0.89
20240312092549,txt,2022,10,0.96
20240312092549,txt,2022,11,0.73
20240312092549,txt,2022,12,0.8
20240312092549,txt,2023,1,0.87
20240312092549,txt,2023,2,0.97
20240312092549,txt,2023,3,1.2
20240312092549,txt,2023,4,1.0
20240312092549,txt,2023,5,0.93
20240312092549,txt,2023,6,1.08
20240312092549,txt,2023,7,1.19
20240312092549,txt,2023,8,1.19
20240312092549,txt,2023,9,1.48
20240312092549,txt,2023,10,1.34
20240312092549,txt,2023,11,1.42
20240312092549,txt,2023,12,1.35
20240312092549,txt,2024,1,1.22
20240312092549,txt,2024,2,1.44
20240411002022,txt,2012,1,0.47
20240411002022,txt,2012,2,0.49
20240411002022,txt,2012,3,0.57
20240411002022,txt,2012,4,0.73
20240411002022,txt,2012,5,0.78
20240411002022,txt,2012,6,0.64
20240411002022,txt,2012,7,0.58
20240411002022,txt,2012,8,0.66
20240411002022,txt,2012,9,0.72
20240411002022,txt,2012,10,0.8
20240411002022,txt,2012,11,0.78
20240411002022,txt,2012,12,0.53
20240411002022,txt,2013,1,0.71
20240411002022,txt,2013,2,0.62
20240411002022,txt,2013,3,0.67
20240411002022,txt,2013,4,0.54
20240411002022,txt,2013,5,0.61
20240411002022,txt,2013,6,0.69
20240411002022,txt,2013,7,0.6
20240411002022,txt,2013,8,0.7
20240411002022,txt,2013,9,0.77
20240411002022,txt,2013,10,0.69
20240411002022,txt,2013,11,0.83
20240411002022,txt,2013,12,0.7
20240411002022,txt,2014,1,0.76
20240411002022,txt,2014,2,0.55
20240411002022,txt,2014,3,0.78
20240411002022,txt,2014,4,0.8
20240411002022,txt,2014,5,0.86
20240411002022,txt,2014,6,0.67
20240411002022,txt,2014,7,0.58
20240411002022,txt,2014,8,0.83
20240411002022,txt,2014,9,0.87
20240411002022,txt,2014,10,0.8
20240411002022,txt,2014,11,0.67
20240411002022,txt,2014,12,0.78
20240411002022,txt,2015,1,0.87
20240411002022,txt,2015,2,0.9
20240411002022,txt,2015,3,0.96
20240411002022,txt,2015,4,0.76
20240411002022,txt,2015,5,0.8
20240411002022,txt,2015,6,0.81
20240411002022,txt,2015,7,0.73
20240411002022,txt,2015,8,0.79
20240411002022,txt,2015,9,0.85
20240411002022,txt,2015,10,1.09
20240411002022,txt,2015,11,1.06
20240411002022,txt,2015,12,1.17
20240411002022,txt,2016,1,1.18
20240411002022,txt,2016,2,1.37
20240411002022,txt,2016,3,1.35
20240411002022,txt,2016,4,1.11
20240411002022,txt,2016,5,0.95
20240411002022,txt,2016,6,0.8
20240411002022,txt,2016,7,0.84
20240411002022,txt,2016,8,1.02
20240411002022,txt,2016,9,0.9
20240411002022,txt,2016,10,0.88
20240411002022,txt,2016,11,0.92
20240411002022,txt,2016,12,0.87
20240411002022,txt,2017,1,1.03
20240411002022,txt,2017,2,1.14
20240411002022,txt,2017,3,1.16
20240411002022,txt,2017,4,0.94
20240411002022,txt,2017,5,0.91
20240411002022,txt,2017,6,0.72
20240411002022,txt,2017,7,0.82
20240411002022,txt,2017,8,0.87
20240411002022,txt,2017,9,0.77
20240411002022,txt,2017,10,0.9
20240411002022,txt,2017,11,0.88
20240411002022,txt,2017,12,0.94
20240411002022,txt,2018,1,0.83
20240411002022,txt,2018,2,0.85
20240411002022,txt,2018,3,0.89
20240411002022,txt,2018,4,0.89
20240411002022,txt,2018,5,0.82
20240411002022,txt,2018,6,0.77
20240411002022,txt,2018,7,0.83
20240411002022,txt,2018,8,0.77
20240411002022,txt,2018,9,0.8
20240411002022,txt,2018,10,1.01
20240411002022,txt,2018,11,0.82
20240411002022,txt,2018,12,0.92
20240411002022,txt,2019,1,0.94
20240411002022,txt,2019,2,0.95
20240411002022,txt,2019,3,1.17
20240411002022,txt,2019,4,1.02
20240411002022,txt,2019,5,0.85
20240411002022,txt,2019,6,0.9
20240411002022,txt,2019,7,0.94
20240411002022,txt,2019,8,0.95
20240411002022,txt,2019,9,0.93
20240411002022,txt,2019,10,1.0
20240411002022,txt,2019,11,0.99
20240411002022,txt,2019,12,1.1
20240411002022,txt,2020,1,1.17
20240411002022,txt,2020,2,1.24
20240411002022,txt,2020,3,1.17
20240411002022,txt,2020,4,1.13
20240411002022,txt,2020,5,1.02
20240411002022,txt,2020,6,0.91
20240411002022,txt,2020,7,0.89
20240411002022,txt,2020,8,0.87
20240411002022,txt,2020,9,0.98
20240411002022,txt,2020,10,0.88
20240411002022,txt,2020,11,1.1
20240411002022,txt,2020,12,0.8
20240411002022,txt,2021,1,0.81
20240411002022,txt,2021,2,0.64
20240411002022,txt,2021,3,0.89
20240411002022,txt,2021,4,0.75
20240411002022,txt,2021,5,0.79
20240411002022,txt,2021,6,0.84
20240411002022,txt,2021,7,0.92
20240411002022,txt,2021,8,0.82
20240411002022,txt,2021,9,0.92
20240411002022,txt,2021,10,0.99
20240411002022,txt,2021,11,0.94
20240411002022,txt,2021,12,0.86
20240411002022,txt,2022,1,0.91
20240411002022,txt,2022,2,0.89
20240411002022,txt,2022,3,1.05
20240411002022,txt,2022,4,0.84
20240411002022,txt,2022,5,0.84
20240411002022,txt,2022,6,0.92
20240411002022,txt,2022,7,0.94
20240411002022,txt,2022,8,0.95
20240411002022,txt,2022,9,0.89
20240411002022,txt,2022,10,0.96
20240411002022,txt,2022,11,0.73
20240411002022,txt,2022,12,0.8
20240411002022,txt,2023,1,0.88
20240411002022,txt,2023,2,0.98
20240411002022,txt,2023,3,1.22
20240411002022,txt,2023,4,1.0
20240411002022,txt,2023,5,0.93
20240411002022,txt,2023,6,1.08
20240411002022,txt,2023,7,1.19
20240411002022,txt,2023,8,1.2
20240411002022,txt,2023,9,1.48
20240411002022,txt,2023,10,1.34
20240411002022,txt,2023,11,1.43
20240411002022,txt,2023,12,1.35
20240411002022,txt,2024,1,1.22
20240411002022,txt,2024,2,1.44
20240411002022,txt,2024,3,1.39
20240509150436,csv,2012,1,0.47
20240509150436,csv,2012,2,0.49
20240509150436,csv,2012,3,0.57
20240509150436,csv,2012,4,0.73
20240509150436,csv,2012,5,0.78
20240509150436,csv,2012,6,0.64
20240509150436,csv,2012,7,0.58
20240509150436,csv,2012,8,0.66
20240509150436,csv,2012,9,0.72
20240509150436,csv,2012,10,0.8
20240509150436,csv,2012,11,0.78
20240509150436,csv,2012,12,0.53
20240509150436,csv,2013,1,0.71
20240509150436,csv,2013,2,0.62
20240509150436,csv,2013,3,0.67
20240509150436,csv,2013,4,0.54
20240509150436,csv,2013,5,0.61
20240509150436,csv,2013,6,0.69
20240509150436,csv,2013,7,0.6
20240509150436,csv,2013,8,0.7
20240509150436,csv,2013,9,0.77
20240509150436,csv,2013,10,0.69
20240509150436,csv,2013,11,0.83
20240509150436,csv,2013,12,0.7
20240509150436,csv,2014,1,0.76
20240509150436,csv,2014,2,0.55
20240509150436,csv,2014,3,0.78
20240509150436,csv,2014,4,0.8
20240509150436,csv,2014,5,0.86
20240509150436,csv,2014,6,0.67
20240509150436,csv,2014,7,0.58
20240509150436,csv,2014,8,0.83
20240509150436,csv,2014,9,0.87
20240509150436,csv,2014,10,0.8
20240509150436,csv,2014,11,0.67
20240509150436,csv,2014,12,0.78
20240509150436,csv,2015,1,0.87
20240509150436,csv,2015,2,0.9
20240509150436,csv,2015,3,0.96
20240509150436,csv,2015,4,0.76
20240509150436,csv,2015,5,0.8
20240509150436,csv,2015,6,0.81
20240509150436,csv,2015,7,0.73
20240509150436,csv,2015,8,0.79
20240509150436,csv,2015,9,0.85
20240509150436,csv,2015,10,1.09
20240509150436,csv,2015,11,1.06
20240509150436,csv,2015,12,1.17
20240509150436,csv,2016,1,1.18
20240509150436,csv,2016,2,1.37
20240509150436,csv,2016,3,1.35
20240509150436,csv,2016,4,1.11
20240509150436,csv,2016,5,0.95
20240509150436,csv,2016,6,0.8
20240509150436,csv,2016,7,0.84
20240509150436,csv,2016,8,1.02
20240509150436,csv,2016,9,0.9
20240509150436,csv,2016,10,0.88
20240509150436,csv,2016,11,0.92
20240509150436,csv,2016,12,0.87
20240509150436,csv,2017,1,1.03
20240509150436,csv,2017,2,1.14
20240509150436,csv,2017,3,1.16
20240509150436,csv,2017,4,0.94
20240509150436,csv,2017,5,0.91
20240509150436,csv,2017,6,0.72
20240509150436,csv,2017,7,0.82
20240509150436,csv,2017,8,0.87
20240509150436,csv,2017,9,0.77
20240509150436,csv,2017,10,0.9
20240509150436,csv,2017,11,0.88
20240509150436,csv,2017,12,0.94
20240509150436,csv,2018,1,0.83
20240509150436,csv,2018,2,0.85
20240509150436,csv,2018,3,0.89
20240509150436,csv,2018,4,0.89
20240509150436,csv,2018,5,0.82
20240509150436,csv,2018,6,0.77
20240509150436,csv,2018,7,0.83
20240509150436,csv,2018,8,0.77
20240509150436,csv,2018,9,0.8
20240509150436,csv,2018,10,1.01
20240509150436,csv,2018,11,0.82
20240509150436,csv,2018,12,0.92
20240509150436,csv,2019,1,0.94
20240509150436,csv,2019,2,0.95
20240509150436,csv,2019,3,1.17
20240509150436,csv,2019,4,1.02
20240509150436,csv,2019,5,0.85
20240509150436,csv,2019,6,0.9
20240509150436,csv,2019,7,0.94
20240509150436,csv,2019,8,0.95
20240509150436,csv,2019,9,0.93
20240509150436,csv,2019,10,1.0
20240509150436,csv,2019,11,0.99
20240509150436,csv,2019,12,1.1
20240509150436,csv,2020,1,1.17
20240509150436,csv,2020,2,1.24
20240509150436,csv,2020,3,1.17
20240509150436,csv,2020,4,1.13
20240509150436,csv,2020,5,1.02
20240509150436,csv,2020,6,0.91
20240509150436,csv,2020,7,0.89
20240509150436,csv,2020,8,0.87
20240509150436,csv,2020,9,0.98
20240509150436,csv,2020,10,0.88
20240509150436,csv,2020,11,1.1
20240509150436,csv,2020,12,0.8
20240509150436,csv,2021,1,0.81
20240509150436,csv,2021,2,0.64
20240509150436,csv,2021,3,0.89
20240509150436,csv,2021,4,0.75
20240509150436,csv,2021,5,0.79
20240509150436,csv,2021,6,0.84
20240509150436,csv,2021,7,0.92
20240509150436,csv,2021,8,0.82
20240509150436,csv,2021,9,0.92
20240509150436,csv,2021,10,0.99
20240509150436,csv,2021,11,0.94
20240509150436,csv,2021,12,0.86
20240509150436,csv,2022,1,0.91
20240509150436,csv,2022,2,0.89
20240509150436,csv,2022,3,1.05
20240509150436,csv,2022,4,0.84
20240509150436,csv,2022,5,0.84
20240509150436,csv,2022,6,0.92
20240509150436,csv,2022,7,0.94
20240509150436,csv,2022,8,0.95
20240509150436,csv,2022,9,0.89
20240509150436,csv,2022,10,0.96
20240509150436,csv,2022,11,0.73
20240509150436,csv,2022,12,0.8
20240509150436,csv,2023,1,0.88
20240509150436,csv,2023,2,0.98
20240509150436,csv,2023,3,1.22
20240509150436,csv,2023,4,1.0
20240509150436,csv,2023,5,0.93
20240509150436,csv,2023,6,1.08
20240509150436,csv,2023,7,1.19
20240509150436,csv,2023,8,1.2
20240509150436,csv,2023,9,1.48
20240509150436,csv,2023,10,1.34
20240509150436,csv,2023,11,1.43
20240509150436,csv,2023,12,1.35
20240509150436,csv,2024,1,1.22
20240509150436,csv,2024,2,1.44
20240509150436,csv,2024,3,1.39
20240511023320,txt,2012,1,0.47
20240511023320,txt,2012,2,0.49
20240511023320,txt,2012,3,0.57
20240511023320,txt,2012,4,0.73
20240511023320,txt,2012,5,0.78
20240511023320,txt,2012,6,0.64
20240511023320,txt,2012,7,0.58
20240511023320,txt,2012,8,0.66
20240511023320,txt,2012,9,0.72
20240511023320,txt,2012,10,0.8
20240511023320,txt,2012,11,0.79
20240511023320,txt,2012,12,0.53
20240511023320,txt,2013,1,0.71
20240511023320,txt,2013,2,0.62
20240511023320,txt,2013,3,0.67
20240511023320,txt,2013,4,0.53
20240511023320,txt,2013,5,0.61
20240511023320,txt,2013,6,0.69
20240511023320,txt,2013,7,0.6
20240511023320,txt,2013,8,0.7
20240511023320,txt,2013,9,0.77
20240511023320,txt,2013,10,0.69
20240511023320,txt,2013,11,0.83
20240511023320,txt,2013,12,0.7
20240511023320,txt,2014,1,0.77
20240511023320,txt,2014,2,0.55
20240511023320,txt,2014,3,0.78
20240511023320,txt,2014,4,0.81
20240511023320,txt,2014,5,0.86
20240511023320,txt,2014,6,0.67
20240511023320,txt,2014,7,0.58
20240511023320,txt,2014,8,0.83
20240511023320,txt,2014,9,0.87
20240511023320,txt,2014,10,0.81
20240511023320,txt,2014,11,0.67
20240511023320,txt,2014,12,0.79
20240511023320,txt,2015,1,0.87
20240511023320,txt,2015,2,0.9
20240511023320,txt,2015,3,0.96
20240511023320,txt,2015,4,0.76
20240511023320,txt,2015,5,0.8
20240511023320,txt,2015,6,0.81
20240511023320,txt,2015,7,0.73
20240511023320,txt,2015,8,0.8
20240511023320,txt,2015,9,0.85
20240511023320,txt,2015,10,1.09
20240511023320,txt,2015,11,1.06
20240511023320,txt,2015,12,1.17
20240511023320,txt,2016,1,1.18
20240511023320,txt,2016,2,1.37
20240511023320,txt,2016,3,1.35
20240511023320,txt,2016,4,1.1
20240511023320,txt,2016,5,0.95
20240511023320,txt,2016,6,0.8
20240511023320,txt,2016,7,0.85
20240511023320,txt,2016,8,1.02
20240511023320,txt,2016,9,0.9
20240511023320,txt,2016,10,0.89
20240511023320,txt,2016,11,0.92
20240511023320,txt,2016,12,0.87
20240511023320,txt,2017,1,1.03
20240511023320,txt,2017,2,1.14
20240511023320,txt,2017,3,1.17
20240511023320,txt,2017,4,0.94
20240511023320,txt,2017,5,0.92
20240511023320,txt,2017,6,0.72
20240511023320,txt,2017,7,0.82
20240511023320,txt,2017,8,0.88
20240511023320,txt,2017,9,0.77
20240511023320,txt,2017,10,0.9
20240511023320,txt,2017,11,0.88
20240511023320,txt,2017,12,0.94
20240511023320,txt,2018,1,0.83
20240511023320,txt,2018,2,0.85
20240511023320,txt,2018,3,0.89
20240511023320,txt,2018,4,0.89
20240511023320,txt,2018,5,0.82
20240511023320,txt,2018,6,0.77
20240511023320,txt,2018,7,0.83
20240511023320,txt,2018,8,0.77
20240511023320,txt,2018,9,0.8
20240511023320,txt,2018,10,1.02
20240511023320,txt,2018,11,0.83
20240511023320,txt,2018,12,0.92
20240511023320,txt,2019,1,0.94
20240511023320,txt,2019,2,0.95
20240511023320,txt,2019,3,1.18
20240511023320,txt,2019,4,1.01
20240511023320,txt,2019,5,0.85
20240511023320,txt,2019,6,0.9
20240511023320,txt,2019,7,0.95
20240511023320,txt,2019,8,0.95
20240511023320,txt,2019,9,0.93
20240511023320,txt,2019,10,1.01
20240511023320,txt,2019,11,1.0
20240511023320,txt,2019,12,1.1
20240511023320,txt,2020,1,1.17
20240511023320,txt,2020,2,1.25
20240511023320,txt,2020,3,1.17
20240511023320,txt,2020,4,1.13
20240511023320,txt,2020,5,1.02
20240511023320,txt,2020,6,0.92
20240511023320,txt,2020,7,0.9
20240511023320,txt,2020,8,0.87
20240511023320,txt,2020,9,0.98
20240511023320,txt,2020,10,0.88
20240511023320,txt,2020,11,1.11
20240511023320,txt,2020,12,0.8
20240511023320,txt,2021,1,0.81
20240511023320,txt,2021,2,0.65
20240511023320,txt,2021,3,0.89
20240511023320,txt,2021,4,0.76
20240511023320,txt,2021,5,0.79
20240511023320,txt,2021,6,0.85
20240511023320,txt,2021,7,0.92
20240511023320,txt,2021,8,0.82
20240511023320,txt,2021,9,0.93
20240511023320,txt,2021,10,1.0
20240511023320,txt,2021,11,0.94
20240511023320,txt,2021,12,0.87
20240511023320,txt,2022,1,0.91
20240511023320,txt,2022,2,0.9
20240511023320,txt,2022,3,1.05
20240511023320,txt,2022,4,0.84
20240511023320,txt,2022,5,0.84
20240511023320,txt,2022,6,0.93
20240511023320,txt,2022,7,0.94
20240511023320,txt,2022,8,0.95
20240511023320,txt,2022,9,0.89
20240511023320,txt,2022,10,0.97
20240511023320,txt,2022,11,0.73
20240511023320,txt,2022,12,0.81
20240511023320,txt,2023,1,0.88
20240511023320,txt,2023,2,0.98
20240511023320,txt,2023,3,1.22
20240511023320,txt,2023,4,0.99
20240511023320,txt,2023,5,0.94
20240511023320,txt,2023,6,1.08
20240511023320,txt,2023,7,1.19
20240511023320,txt,2023,8,1.2
20240511023320,txt,2023,9,1.48
20240511023320,txt,2023,10,1.34
20240511023320,txt,2023,11,1.43
20240511023320,txt,2023,12,1.36
20240511023320,txt,2024,1,1.22
20240511023320,txt,2024,2,1.44
20240511023320,txt,2024,3,1.39
20240511023320,txt,2024,4,1.32
20240518200834,csv,2012,1,0.47
20240518200834,csv,2012,2,0.49
20240518200834,csv,2012,3,0.57
20240518200834,csv,2012,4,0.73
20240518200834,csv,2012,5,0.78
20240518200834,csv,2012,6,0.64
20240518200834,csv,2012,7,0.58
20240518200834,csv,2012,8,0.66
20240518200834,csv,2012,9,0.72
20240518200834,csv,2012,10,0.8
20240518200834,csv,2012,11,0.79
20240518200834,csv,2012,12,0.53
20240518200834,csv,2013,1,0.71
20240518200834,csv,2013,2,0.62
20240518200834,csv,2013,3,0.67
20240518200834,csv,2013,4,0.53
20240518200834,csv,2013,5,0.61
20240518200834,csv,2013,6,0.69
20240518200834,csv,2013,7,0.6
20240518200834,csv,2013,8,0.7
20240518200834,csv,2013,9,0.77
20240518200834,csv,2013,10,0.69
20240518200834,csv,2013,11,0.83
20240518200834,csv,2013,12,0.7
20240518200834,csv,2014,1,0.77
20240518200834,csv,2014,2,0.55
20240518200834,csv,2014,3,0.78
20240518200834,csv,2014,4,0.81
20240518200834,csv,2014,5,0.86
20240518200834,csv,2014,6,0.67
20240518200834,csv,2014,7,0.58
20240518200834,csv,2014,8,0.83
20240518200834,csv,2014,9,0.87
20240518200834,csv,2014,10,0.81
20240518200834,csv,2014,11,0.67
20240518200834,csv,2014,12,0.79
20240518200834,csv,2015,1,0.87
20240518200834,csv,2015,2,0.9
20240518200834,csv,2015,3,0.96
20240518200834,csv,2015,4,0.76
20240518200834,csv,2015,5,0.8
20240518200834,csv,2015,6,0.81
20240518200834,csv,2015,7,0.73
20240518200834,csv,2015,8,0.8
20240518200834,csv,2015,9,0.85
20240518200834,csv,2015,10,1.09
20240518200834,csv,2015,11,1.06
20240518200834,csv,2015,12,1.17
20240518200834,csv,2016,1,1.18
20240518200834,csv,2016,2,1.37
20240518200834,csv,2016,3,1.35
20240518200834,csv,2016,4,1.1
20240518200834,csv,2016,5,0.95
20240518200834,csv,2016,6,0.8
20240518200834,csv,2016,7,0.85
20240518200834,csv,2016,8,1.02
20240518200834,csv,2016,9,0.9
20240518200834,csv,2016,10,0.89
20240518200834,csv,2016,11,0.92
20240518200834,csv,2016,12,0.87
20240518200834,csv,2017,1,1.03
20240518200834,csv,2017,2,1.14
20240518200834,csv,2017,3,1.17
20240518200834,csv,2017,4,0.94
20240518200834,csv,2017,5,0.92
20240518200834,csv,2017,6,0.72
20240518200834,csv,2017,7,0.82
20240518200834,csv,2017,8,0.88
20240518200834,csv,2017,9,0.77
20240518200834,csv,2017,10,0.9
20240518200834,csv,2017,11,0.88
20240518200834,csv,2017,12,0.94
20240518200834,csv,2018,1,0.83
20240518200834,csv,2018,2,0.85
20240518200834,csv,2018,3,0.89
20240518200834,csv,2018,4,0.89
20240518200834,csv,2018,5,0.82
20240518200834,csv,2018,6,0.77
20240518200834,csv,2018,7,0.83
20240518200834,csv,2018,8,0.77
20240518200834,csv,2018,9,0.8
20240518200834,csv,2018,10,1.02
20240518200834,csv,2018,11,0.83
20240518200834,csv,2018,12,0.92
20240518200834,csv,2019,1,0.94
20240518200834,csv,2019,2,0.95
20240518200834,csv,2019,3,1.18
20240518200834,csv,2019,4,1.01
20240518200834,csv,2019,5,0.85
20240518200834,csv,2019,6,0.9
20240518200834,csv,2019,7,0.95
20240518200834,csv,2019,8,0.95
20240518200834,csv,2019,9,0.93
20240518200834,csv,2019,10,1.01
20240518200834,csv,2019,11,1.0
20240518200834,csv,2019,12,1.1
20240518200834,csv,2020,1,1.17
20240518200834,csv,2020,2,1.25
20240518200834,csv,2020,3,1.17
20240518200834,csv,2020,4,1.13
20240518200834,csv,2020,5,1.02
20240518200834,csv,2020,6,0.92
20240518200834,csv,2020,7,0.9
20240518200834,csv,2020,8,0.87
20240518200834,csv,2020,9,0.98
20240518200834,csv,2020,10,0.88
20240518200834,csv,2020,11,1.11
20240518200834,csv,2020,12,0.8
20240518200834,csv,2021,1,0.81
20240518200834,csv,2021,2,0.65
20240518200834,csv,2021,3,0.89
20240518200834,csv,2021,4,0.76
20240518200834,csv,2021,5,0.79
20240518200834,csv,2021,6,0.85
20240518200834,csv,2021,7,0.92
20240518200834,csv,2021,8,0.82
20240518200834,csv,2021,9,0.93
20240518200834,csv,2021,10,1.0
20240518200834,csv,2021,11,0.94
20240518200834,csv,2021,12,0.87
20240518200834,csv,2022,1,0.91
20240518200834,csv,2022,2,0.9
20240518200834,csv,2022,3,1.05
20240518200834,csv,2022,4,0.84
20240518200834,csv,2022,5,0.84
20240518200834,csv,2022,6,0.93
20240518200834,csv,2022,7,0.94
20240518200834,csv,2022,8,0.95
20240518200834,csv,2022,9,0.89
20240518200834,csv,2022,10,0.97
20240518200834,csv,2022,11,0.73
20240518200834,csv,2022,12,0.81
20240518200834,csv,2023,1,0.88
20240518200834,csv,2023,2,0.98
20240518200834,csv,2023,3,1.22
20240518200834,csv,2023,4,0.99
20240518200834,csv,2023,5,0.94
20240518200834,csv,2023,6,1.08
20240518200834,csv,2023,7,1.19
20240518200834,csv,2023,8,1.2
20240518200834,csv,2023,9,1.48
20240518200834,csv,2023,10,1.34
20240518200834,csv,2023,11,1.43
20240518200834,csv,2023,12,1.36
20240518200834,csv,2024,1,1.22
20240518200834,csv,2024,2,1.44
20240518200834,csv,2024,3,1.39
20240518200834,csv,2024,4,1.32
20240611204731,txt,2012,1,0.47
20240611204731,txt,2012,2,0.49
20240611204731,txt,2012,3,0.57
20240611204731,txt,2012,4,0.73
20240611204731,txt,2012,5,0.78
20240611204731,txt,2012,6,0.64
20240611204731,txt,2012,7,0.58
20240611204731,txt,2012,8,0.66
20240611204731,txt,2012,9,0.72
20240611204731,txt,2012,10,0.8
20240611204731,txt,2012,11,0.79
20240611204731,txt,2012,12,0.53
20240611204731,txt,2013,1,0.71
20240611204731,txt,2013,2,0.62
20240611204731,txt,2013,3,0.67
20240611204731,txt,2013,4,0.53
20240611204731,txt,2013,5,0.6
20240611204731,txt,2013,6,0.69
20240611204731,txt,2013,7,0.6
20240611204731,txt,2013,8,0.7
20240611204731,txt,2013,9,0.77
20240611204731,txt,2013,10,0.69
20240611204731,txt,2013,11,0.83
20240611204731,txt,2013,12,0.7
20240611204731,txt,2014,1,0.76
20240611204731,txt,2014,2,0.55
20240611204731,txt,2014,3,0.78
20240611204731,txt,2014,4,0.8
20240611204731,txt,2014,5,0.86
20240611204731,txt,2014,6,0.67
20240611204731,txt,2014,7,0.58
20240611204731,txt,2014,8,0.83
20240611204731,txt,2014,9,0.87
20240611204731,txt,2014,10,0.81
20240611204731,txt,2014,11,0.67
20240611204731,txt,2014,12,0.79
20240611204731,txt,2015,1,0.87
20240611204731,txt,2015,2,0.9
20240611204731,txt,2015,3,0.96
20240611204731,txt,2015,4,0.76
20240611204731,txt,2015,5,0.79
20240611204731,txt,2015,6,0.81
20240611204731,txt,2015,7,0.73
20240611204731,txt,2015,8,0.8
20240611204731,txt,2015,9,0.85
20240611204731,txt,2015,10,1.09
20240611204731,txt,2015,11,1.06
20240611204731,txt,2015,12,1.17
20240611204731,txt,2016,1,1.18
20240611204731,txt,2016,2,1.37
20240611204731,txt,2016,3,1.35
20240611204731,txt,2016,4,1.1
20240611204731,txt,2016,5,0.95
20240611204731,txt,2016,6,0.8
20240611204731,txt,2016,7,0.85
20240611204731,txt,2016,8,1.02
20240611204731,txt,2016,9,0.9
20240611204731,txt,2016,10,0.89
20240611204731,txt,2016,11,0.92
20240611204731,txt,2016,12,0.87
20240611204731,txt,2017,1,1.03
20240611204731,txt,2017,2,1.14
20240611204731,txt,2017,3,1.17
20240611204731,txt,2017,4,0.94
20240611204731,txt,2017,5,0.91
20240611204731,txt,2017,6,0.72
20240611204731,txt,2017,7,0.82
20240611204731,txt,2017,8,0.87
20240611204731,txt,2017,9,0.77
20240611204731,txt,2017,10,0.9
20240611204731,txt,2017,11,0.88
20240611204731,txt,2017,12,0.94
20240611204731,txt,2018,1,0.83
20240611204731,txt,2018,2,0.85
20240611204731,txt,2018,3,0.88
20240611204731,txt,2018,4,0.89
20240611204731,txt,2018,5,0.82
20240611204731,txt,2018,6,0.77
20240611204731,txt,2018,7,0.83
20240611204731,txt,2018,8,0.77
20240611204731,txt,2018,9,0.8
20240611204731,txt,2018,10,1.01
20240611204731,txt,2018,11,0.82
20240611204731,txt,2018,12,0.92
20240611204731,txt,2019,1,0.94
20240611204731,txt,2019,2,0.95
20240611204731,txt,2019,3,1.17
20240611204731,txt,2019,4,1.01
20240611204731,txt,2019,5,0.85
20240611204731,txt,2019,6,0.9
20240611204731,txt,2019,7,0.95
20240611204731,txt,2019,8,0.95
20240611204731,txt,2019,9,0.93
20240611204731,txt,2019,10,1.01
20240611204731,txt,2019,11,0.99
20240611204731,txt,2019,12,1.1
20240611204731,txt,2020,1,1.17
20240611204731,txt,2020,2,1.24
20240611204731,txt,2020,3,1.17
20240611204731,txt,2020,4,1.13
20240611204731,txt,2020,5,1.01
20240611204731,txt,2020,6,0.92
20240611204731,txt,2020,7,0.9
20240611204731,txt,2020,8,0.87
20240611204731,txt,2020,9,0.98
20240611204731,txt,2020,10,0.88
20240611204731,txt,2020,11,1.11
20240611204731,txt,2020,12,0.8
20240611204731,txt,2021,1,0.81
20240611204731,txt,2021,2,0.65
20240611204731,txt,2021,3,0.89
20240611204731,txt,2021,4,0.76
20240611204731,txt,2021,5,0.79
20240611204731,txt,2021,6,0.85
20240611204731,txt,2021,7,0.92
20240611204731,txt,2021,8,0.82
20240611204731,txt,2021,9,0.93
20240611204731,txt,2021,10,0.99
20240611204731,txt,2021,11,0.94
20240611204731,txt,2021,12,0.87
20240611204731,txt,2022,1,0.92
20240611204731,txt,2022,2,0.9
20240611204731,txt,2022,3,1.05
20240611204731,txt,2022,4,0.84
20240611204731,txt,2022,5,0.84
20240611204731,txt,2022,6,0.93
20240611204731,txt,2022,7,0.94
20240611204731,txt,2022,8,0.95
20240611204731,txt,2022,9,0.89
20240611204731,txt,2022,10,0.97
20240611204731,txt,2022,11,0.73
20240611204731,txt,2022,12,0.81
20240611204731,txt,2023,1,0.88
20240611204731,txt,2023,2,0.98
20240611204731,txt,2023,3,1.22
20240611204731,txt,2023,4,1.0
20240611204731,txt,2023,5,0.94
20240611204731,txt,2023,6,1.08
20240611204731,txt,2023,7,1.19
20240611204731,txt,2023,8,1.2
20240611204731,txt,2023,9,1.48
20240611204731,txt,2023,10,1.34
20240611204731,txt,2023,11,1.43
20240611204731,txt,2023,12,1.36
20240611204731,txt,2024,1,1.23
20240611204731,txt,2024,2,1.44
20240611204731,txt,2024,3,1.41
20240611204731,txt,2024,4,1.33
20240611204731,txt,2024,5,1.14
20240707100353,csv,2012,1,0.47
20240707100353,csv,2012,2,0.49
20240707100353,csv,2012,3,0.57
20240707100353,csv,2012,4,0.73
20240707100353,csv,2012,5,0.78
20240707100353,csv,2012,6,0.64
20240707100353,csv,2012,7,0.58
20240707100353,csv,2012,8,0.66
20240707100353,csv,2012,9,0.72
20240707100353,csv,2012,10,0.8
20240707100353,csv,2012,11,0.79
20240707100353,csv,2012,12,0.53
20240707100353,csv,2013,1,0.71
20240707100353,csv,2013,2,0.62
20240707100353,csv,2013,3,0.67
20240707100353,csv,2013,4,0.53
20240707100353,csv,2013,5,0.6
20240707100353,csv,2013,6,0.69
20240707100353,csv,2013,7,0.6
20240707100353,csv,2013,8,0.7
20240707100353,csv,2013,9,0.77
20240707100353,csv,2013,10,0.69
20240707100353,csv,2013,11,0.83
20240707100353,csv,2013,12,0.7
20240707100353,csv,2014,1,0.76
20240707100353,csv,2014,2,0.55
20240707100353,csv,2014,3,0.78
20240707100353,csv,2014,4,0.8
20240707100353,csv,2014,5,0.86
20240707100353,csv,2014,6,0.67
20240707100353,csv,2014,7,0.58
20240707100353,csv,2014,8,0.83
20240707100353,csv,2014,9,0.87
20240707100353,csv,2014,10,0.81
20240707100353,csv,2014,11,0.67
20240707100353,csv,2014,12,0.79
20240707100353,csv,2015,1,0.87
20240707100353,csv,2015,2,0.9
20240707100353,csv,2015,3,0.96
20240707100353,csv,2015,4,0.76
20240707100353,csv,2015,5,0.79
20240707100353,csv,2015,6,0.81
20240707100353,csv,2015,7,0.73
20240707100353,csv,2015,8,0.8
20240707100353,csv,2015,9,0.85
20240707100353,csv,2015,10,1.09
20240707100353,csv,2015,11,1.06
20240707100353,csv,2015,12,1.17
20240707100353,csv,2016,1,1.18
20240707100353,csv,2016,2,1.37
20240707100353,csv,2016,3,1.35
20240707100353,csv,2016,4,1.1
20240707100353,csv,2016,5,0.95
20240707100353,csv,2016,6,0.8
20240707100353,csv,2016,7,0.85
20240707100353,csv,2016,8,1.02
20240707100353,csv,2016,9,0.9
20240707100353,csv,2016,10,0.89
20240707100353,csv,2016,11,0.92
20240707100353,csv,2016,12,0.87
20240707100353,csv,2017,1,1.03
20240707100353,csv,2017,2,1.14
20240707100353,csv,2017,3,1.17
20240707100353,csv,2017,4,0.94
20240707100353,csv,2017,5,0.91
20240707100353,csv,2017,6,0.72
20240707100353,csv,2017,7,0.82
20240707100353,csv,2017,8,0.87
20240707100353,csv,2017,9,0.77
20240707100353,csv,2017,10,0.9
20240707100353,csv,2017,11,0.88
20240707100353,csv,2017,12,0.94
20240707100353,csv,2018,1,0.83
20240707100353,csv,2018,2,0.85
20240707100353,csv,2018,3,0.88
20240707100353,csv,2018,4,0.89
20240707100353,csv,2018,5,0.82
20240707100353,csv,2018,6,0.77
20240707100353,csv,2018,7,0.83
20240707100353,csv,2018,8,0.77
20240707100353,csv,2018,9,0.8
20240707100353,csv,2018,10,1.01
20240707100353,csv,2018,11,0.82
20240707100353,csv,2018,12,0.92
20240707100353,csv,2019,1,0.94
20240707100353,csv,2019,2,0.95
20240707100353,csv,2019,3,1.17
20240707100353,csv,2019,4,1.01
20240707100353,csv,2019,5,0.85
20240707100353,csv,2019,6,0.9
20240707100353,csv,2019,7,0.95
20240707100353,csv,2019,8,0.95
20240707100353,csv,2019,9,0.93
20240707100353,csv,2019,10,1.01
20240707100353,csv,2019,11,0.99
20240707100353,csv,2019,12,1.1
20240707100353,csv,2020,1,1.17
20240707100353,csv,2020,2,1.24
20240707100353,csv,2020,3,1.17
20240707100353,csv,2020,4,1.13
20240707100353,csv,2020,5,1.01
20240707100353,csv,2020,6,0.92
20240707100353,csv,2020,7,0.9
20240707100353,csv,2020,8,0.87
20240707100353,csv,2020,9,0.98
20240707100353,csv,2020,10,0.88
20240707100353,csv,2020,11,1.11
20240707100353,csv,2020,12,0.8
20240707100353,csv,2021,1,0.81
20240707100353,csv,2021,2,0.65
20240707100353,csv,2021,3,0.89
20240707100353,csv,2021,4,0.76
20240707100353,csv,2021,5,0.79
20240707100353,csv,2021,6,0.85
20240707100353,csv,2021,7,0.92
20240707100353,csv,2021,8,0.82
20240707100353,csv,2021,9,0.93
20240707100353,csv,2021,10,0.99
20240707100353,csv,2021,11,0.94
20240707100353,csv,2021,12,0.87
20240707100353,csv,2022,1,0.92
20240707100353,csv,2022,2,0.9
20240707100353,csv,2022,3,1.05
20240707100353,csv,2022,4,0.84
20240707100353,csv,2022,5,0.84
20240707100353,csv,2022,6,0.93
20240707100353,csv,2022,7,0.94
20240707100353,csv,2022,8,0.95
20240707100353,csv,2022,9,0.89
20240707100353,csv,2022,10,0.97
20240707100353,csv,2022,11,0.73
20240707100353,csv,2022,12,0.81
20240707100353,csv,2023,1,0.88
20240707100353,csv,2023,2,0.98
20240707100353,csv,2023,3,1.22
20240707100353,csv,2023,4,1.0
20240707100353,csv,2023,5,0.94
20240707100353,csv,2023,6,1.08
20240707100353,csv,2023,7,1.19
20240707100353,csv,2023,8,1.2
20240707100353,csv,2023,9,1.48
20240707100353,csv,2023,10,1.34
20240707100353,csv,2023,11,1.43
20240707100353,csv,2023,12,1.36
20240707100353,csv,2024,1,1.23
20240707100353,csv,2024,2,1.44
20240707100353,csv,2024,3,1.41
20240707100353,csv,2024,4,1.33
20240707100353,csv,2024,5,1.14
20240710150051,txt,2012,1,0.47
20240710150051,txt,2012,2,0.49
20240710150051,txt,2012,3,0.56
20240710150051,txt,2012,4,0.72
20240710150051,txt,2012,5,0.78
20240710150051,txt,2012,6,0.64
20240710150051,txt,2012,7,0.58
20240710150051,txt,2012,8,0.66
20240710150051,txt,2012,9,0.72
20240710150051,txt,2012,10,0.8
20240710150051,txt,2012,11,0.78
20240710150051,txt,2012,12,0.53
20240710150051,txt,2013,1,0.71
20240710150051,txt,2013,2,0.62
20240710150051,txt,2013,3,0.67
20240710150051,txt,2013,4,0.53
20240710150051,txt,2013,5,0.6
20240710150051,txt,2013,6,0.69
20240710150051,txt,2013,7,0.6
20240710150051,txt,2013,8,0.7
20240710150051,txt,2013,9,0.76
20240710150051,txt,2013,10,0.69
20240710150051,txt,2013,11,0.83
20240710150051,txt,2013,12,0.7
20240710150051,txt,2014,1,0.76
20240710150051,txt,2014,2,0.55
20240710150051,txt,2014,3,0.78
20240710150051,txt,2014,4,0.8
20240710150051,txt,2014,5,0.86
20240710150051,txt,2014,6,0.67
20240710150051,txt,2014,7,0.58
20240710150051,txt,2014,8,0.83
20240710150051,txt,2014,9,0.87
20240710150051,txt,2014,10,0.8
20240710150051,txt,2014,11,0.66
20240710150051,txt,2014,12,0.78
20240710150051,txt,2015,1,0.87
20240710150051,txt,2015,2,0.9
20240710150051,txt,2015,3,0.96
20240710150051,txt,2015,4,0.75
20240710150051,txt,2015,5,0.79
20240710150051,txt,2015,6,0.81
20240710150051,txt,2015,7,0.73
20240710150051,txt,2015,8,0.79
20240710150051,txt,2015,9,0.85
20240710150051,txt,2015,10,1.09
20240710150051,txt,2015,11,1.06
20240710150051,txt,2015,12,1.17
20240710150051,txt,2016,1,1.18
20240710150051,txt,2016,2,1.37
20240710150051,txt,2016,3,1.35
20240710150051,txt,2016,4,1.09
20240710150051,txt,2016,5,0.95
20240710150051,txt,2016,6,0.81
20240710150051,txt,2016,7,0.84
20240710150051,txt,2016,8,1.02
20240710150051,txt,2016,9,0.9
20240710150051,txt,2016,10,0.88
20240710150051,txt,2016,11,0.92
20240710150051,txt,2016,12,0.87
20240710150051,txt,2017,1,1.03
20240710150051,txt,2017,2,1.14
20240710150051,txt,2017,3,1.16
20240710150051,txt,2017,4,0.94
20240710150051,txt,2017,5,0.91
20240710150051,txt,2017,6,0.72
20240710150051,txt,2017,7,0.82
20240710150051,txt,2017,8,0.87
20240710150051,txt,2017,9,0.77
20240710150051,txt,2017,10,0.9
20240710150051,txt,2017,11,0.88
20240710150051,txt,2017,12,0.93
20240710150051,txt,2018,1,0.83
20240710150051,txt,2018,2,0.85
20240710150051,txt,2018,3,0.88
20240710150051,txt,2018,4,0.88
20240710150051,txt,2018,5,0.81
20240710150051,txt,2018,6,0.77
20240710150051,txt,2018,7,0.83
20240710150051,txt,2018,8,0.77
20240710150051,txt,2018,9,0.8
20240710150051,txt,2018,10,1.01
20240710150051,txt,2018,11,0.82
20240710150051,txt,2018,12,0.92
20240710150051,txt,2019,1,0.93
20240710150051,txt,2019,2,0.95
20240710150051,txt,2019,3,1.17
20240710150051,txt,2019,4,1.01
20240710150051,txt,2019,5,0.85
20240710150051,txt,2019,6,0.9
20240710150051,txt,2019,7,0.94
20240710150051,txt,2019,8,0.95
20240710150051,txt,2019,9,0.92
20240710150051,txt,2019,10,1.0
20240710150051,txt,2019,11,0.99
20240710150051,txt,2019,12,1.09
20240710150051,txt,2020,1,1.17
20240710150051,txt,2020,2,1.24
20240710150051,txt,2020,3,1.17
20240710150051,txt,2020,4,1.12
20240710150051,txt,2020,5,1.01
20240710150051,txt,2020,6,0.91
20240710150051,txt,2020,7,0.89
20240710150051,txt,2020,8,0.87
20240710150051,txt,2020,9,0.98
20240710150051,txt,2020,10,0.88
20240710150051,txt,2020,11,1.1
20240710150051,txt,2020,12,0.8
20240710150051,txt,2021,1,0.81
20240710150051,txt,2021,2,0.64
20240710150051,txt,2021,3,0.89
20240710150051,txt,2021,4,0.76
20240710150051,txt,2021,5,0.79
20240710150051,txt,2021,6,0.84
20240710150051,txt,2021,7,0.92
20240710150051,txt,2021,8,0.82
20240710150051,txt,2021,9,0.92
20240710150051,txt,2021,10,0.99
20240710150051,txt,2021,11,0.93
20240710150051,txt,2021,12,0.86
20240710150051,txt,2022,1,0.91
20240710150051,txt,2022,2,0.89
20240710150051,txt,2022,3,1.05
20240710150051,txt,2022,4,0.84
20240710150051,txt,2022,5,0.84
20240710150051,txt,2022,6,0.92
20240710150051,txt,2022,7,0.94
20240710150051,txt,2022,8,0.95
20240710150051,txt,2022,9,0.89
20240710150051,txt,2022,10,0.96
20240710150051,txt,2022,11,0.73
20240710150051,txt,2022,12,0.8
20240710150051,txt,2023,1,0.88
20240710150051,txt,2023,2,0.98
20240710150051,txt,2023,3,1.22
20240710150051,txt,2023,4,1.0
20240710150051,txt,2023,5,0.94
20240710150051,txt,2023,6,1.08
20240710150051,txt,2023,7,1.19
20240710150051,txt,2023,8,1.19
20240710150051,txt,2023,9,1.48
20240710150051,txt,2023,10,1.34
20240710150051,txt,2023,11,1.43
20240710150051,txt,2023,12,1.35
20240710150051,txt,2024,1,1.22
20240710150051,txt,2024,2,1.43
20240710150051,txt,2024,3,1.4
20240710150051,txt,2024,4,1.32
20240710150051,txt,2024,5,1.16
20240710150051,txt,2024,6,1.21
20240809150105,txt,2012,1,0.47
20240809150105,txt,2012,2,0.49
20240809150105,txt,2012,3,0.57
20240809150105,txt,2012,4,0.72
20240809150105,txt,2012,5,0.78
20240809150105,txt,2012,6,0.64
20240809150105,txt,2012,7,0.58
20240809150105,txt,2012,8,0.66
20240809150105,txt,2012,9,0.72
20240809150105,txt,2012,10,0.79
20240809150105,txt,2012,11,0.78
20240809150105,txt,2012,12,0.53
20240809150105,txt,2013,1,0.71
20240809150105,txt,2013,2,0.62
20240809150105,txt,2013,3,0.67
20240809150105,txt,2013,4,0.53
20240809150105,txt,2013,5,0.6
20240809150105,txt,2013,6,0.69
20240809150105,txt,2013,7,0.59
20240809150105,txt,2013,8,0.7
20240809150105,txt,2013,9,0.76
20240809150105,txt,2013,10,0.69
20240809150105,txt,2013,11,0.83
20240809150105,txt,2013,12,0.7
20240809150105,txt,2014,1,0.76
20240809150105,txt,2014,2,0.55
20240809150105,txt,2014,3,0.78
20240809150105,txt,2014,4,0.8
20240809150105,txt,2014,5,0.86
20240809150105,txt,2014,6,0.67
20240809150105,txt,2014,7,0.58
20240809150105,txt,2014,8,0.83
20240809150105,txt,2014,9,0.87
20240809150105,txt,2014,10,0.8
20240809150105,txt,2014,11,0.66
20240809150105,txt,2014,12,0.79
20240809150105,txt,2015,1,0.87
20240809150105,txt,2015,2,0.9
20240809150105,txt,2015,3,0.95
20240809150105,txt,2015,4,0.75
20240809150105,txt,2015,5,0.79
20240809150105,txt,2015,6,0.81
20240809150105,txt,2015,7,0.73
20240809150105,txt,2015,8,0.79
20240809150105,txt,2015,9,0.85
20240809150105,txt,2015,10,1.09
20240809150105,txt,2015,11,1.06
20240809150105,txt,2015,12,1.17
20240809150105,txt,2016,1,1.18
20240809150105,txt,2016,2,1.37
20240809150105,txt,2016,3,1.35
20240809150105,txt,2016,4,1.09
20240809150105,txt,2016,5,0.95
20240809150105,txt,2016,6,0.8
20240809150105,txt,2016,7,0.84
20240809150105,txt,2016,8,1.02
20240809150105,txt,2016,9,0.9
20240809150105,txt,2016,10,0.88
20240809150105,txt,2016,11,0.92
20240809150105,txt,2016,12,0.87
20240809150105,txt,2017,1,1.02
20240809150105,txt,2017,2,1.14
20240809150105,txt,2017,3,1.16
20240809150105,txt,2017,4,0.94
20240809150105,txt,2017,5,0.91
20240809150105,txt,2017,6,0.71
20240809150105,txt,2017,7,0.81
20240809150105,txt,2017,8,0.87
20240809150105,txt,2017,9,0.77
20240809150105,txt,2017,10,0.9
20240809150105,txt,2017,11,0.88
20240809150105,txt,2017,12,0.93
20240809150105,txt,2018,1,0.82
20240809150105,txt,2018,2,0.84
20240809150105,txt,2018,3,0.88
20240809150105,txt,2018,4,0.88
20240809150105,txt,2018,5,0.81
20240809150105,txt,2018,6,0.76
20240809150105,txt,2018,7,0.82
20240809150105,txt,2018,8,0.77
20240809150105,txt,2018,9,0.8
20240809150105,txt,2018,10,1.01
20240809150105,txt,2018,11,0.82
20240809150105,txt,2018,12,0.91
20240809150105,txt,2019,1,0.93
20240809150105,txt,2019,2,0.95
20240809150105,txt,2019,3,1.17
20240809150105,txt,2019,4,1.01
20240809150105,txt,2019,5,0.85
20240809150105,txt,2019,6,0.9
20240809150105,txt,2019,7,0.94
20240809150105,txt,2019,8,0.95
20240809150105,txt,2019,9,0.92
20240809150105,txt,2019,10,1.0
20240809150105,txt,2019,11,0.99
20240809150105,txt,2019,12,1.09
20240809150105,txt,2020,1,1.17
20240809150105,txt,2020,2,1.24
20240809150105,txt,2020,3,1.17
20240809150105,txt,2020,4,1.12
20240809150105,txt,2020,5,1.01
20240809150105,txt,2020,6,0.91
20240809150105,txt,2020,7,0.89
20240809150105,txt,2020,8,0.87
20240809150105,txt,2020,9,0.98
20240809150105,txt,2020,10,0.87
20240809150105,txt,2020,11,1.1
20240809150105,txt,2020,12,0.8
20240809150105,txt,2021,1,0.81
20240809150105,txt,2021,2,0.64
20240809150105,txt,2021,3,0.89
20240809150105,txt,2021,4,0.76
20240809150105,txt,2021,5,0.79
20240809150105,txt,2021,6,0.84
20240809150105,txt,2021,7,0.92
20240809150105,txt,2021,8,0.82
20240809150105,txt,2021,9,0.92
20240809150105,txt,2021,10,0.99
20240809150105,txt,2021,11,0.93
20240809150105,txt,2021,12,0.86
20240809150105,txt,2022,1,0.91
20240809150105,txt,2022,2,0.89
20240809150105,txt,2022,3,1.05
20240809150105,txt,2022,4,0.84
20240809150105,txt,2022,5,0.84
20240809150105,txt,2022,6,0.92
20240809150105,txt,2022,7,0.94
20240809150105,txt,2022,8,0.95
20240809150105,txt,2022,9,0.89
20240809150105,txt,2022,10,0.96
20240809150105,txt,2022,11,0.73
20240809150105,txt,2022,12,0.8
20240809150105,txt,2023,1,0.88
20240809150105,txt,2023,2,0.98
20240809150105,txt,2023,3,1.22
20240809150105,txt,2023,4,1.0
20240809150105,txt,2023,5,0.94
20240809150105,txt,2023,6,1.08
20240809150105,txt,2023,7,1.19
20240809150105,txt,2023,8,1.19
20240809150105,txt,2023,9,1.48
20240809150105,txt,2023,10,1.34
20240809150105,txt,2023,11,1.42
20240809150105,txt,2023,12,1.35
20240809150105,txt,2024,1,1.22
20240809150105,txt,2024,2,1.43
20240809150105,txt,2024,3,1.4
20240809150105,txt,2024,4,1.32
20240809150105,txt,2024,5,1.16
20240809150105,txt,2024,6,1.25
20240809150105,txt,2024,7,1.21
20240828125719,csv,2012,1,0.47
20240828125719,csv,2012,2,0.49
20240828125719,csv,2012,3,0.57
20240828125719,csv,2012,4,0.72
20240828125719,csv,2012,5,0.78
20240828125719,csv,2012,6,0.64
20240828125719,csv,2012,7,0.58
20240828125719,csv,2012,8,0.66
20240828125719,csv,2012,9,0.72
20240828125719,csv,2012,10,0.79
20240828125719,csv,2012,11,0.78
20240828125719,csv,2012,12,0.53
20240828125719,csv,2013,1,0.71
20240828125719,csv,2013,2,0.62
20240828125719,csv,2013,3,0.67
20240828125719,csv,2013,4,0.53
20240828125719,csv,2013,5,0.6
20240828125719,csv,2013,6,0.69
20240828125719,csv,2013,7,0.59
20240828125719,csv,2013,8,0.7
20240828125719,csv,2013,9,0.76
20240828125719,csv,2013,10,0.69
20240828125719,csv,2013,11,0.83
20240828125719,csv,2013,12,0.7
20240828125719,csv,2014,1,0.76
20240828125719,csv,2014,2,0.55
20240828125719,csv,2014,3,0.78
20240828125719,csv,2014,4,0.8
20240828125719,csv,2014,5,0.86
20240828125719,csv,2014,6,0.67
20240828125719,csv,2014,7,0.58
20240828125719,csv,2014,8,0.83
20240828125719,csv,2014,9,0.87
20240828125719,csv,2014,10,0.8
20240828125719,csv,2014,11,0.66
20240828125719,csv,2014,12,0.79
20240828125719,csv,2015,1,0.87
20240828125719,csv,2015,2,0.9
20240828125719,csv,2015,3,0.95
20240828125719,csv,2015,4,0.75
20240828125719,csv,2015,5,0.79
20240828125719,csv,2015,6,0.81
20240828125719,csv,2015,7,0.73
20240828125719,csv,2015,8,0.79
20240828125719,csv,2015,9,0.85
20240828125719,csv,2015,10,1.09
20240828125719,csv,2015,11,1.06
20240828125719,csv,2015,12,1.17
20240828125719,csv,2016,1,1.18
20240828125719,csv,2016,2,1.37
20240828125719,csv,2016,3,1.35
20240828125719,csv,2016,4,1.09
20240828125719,csv,2016,5,0.95
20240828125719,csv,2016,6,0.8
20240828125719,csv,2016,7,0.84
20240828125719,csv,2016,8,1.02
20240828125719,csv,2016,9,0.9
20240828125719,csv,2016,10,0.88
20240828125719,csv,2016,11,0.92
20240828125719,csv,2016,12,0.87
20240828125719,csv,2017,1,1.02
20240828125719,csv,2017,2,1.14
20240828125719,csv,2017,3,1.16
20240828125719,csv,2017,4,0.94
20240828125719,csv,2017,5,0.91
20240828125719,csv,2017,6,0.71
20240828125719,csv,2017,7,0.81
20240828125719,csv,2017,8,0.87
20240828125719,csv,2017,9,0.77
20240828125719,csv,2017,10,0.9
20240828125719,csv,2017,11,0.88
20240828125719,csv,2017,12,0.93
20240828125719,csv,2018,1,0.82
20240828125719,csv,2018,2,0.84
20240828125719,csv,2018,3,0.88
20240828125719,csv,2018,4,0.88
20240828125719,csv,2018,5,0.81
20240828125719,csv,2018,6,0.76
20240828125719,csv,2018,7,0.82
20240828125719,csv,2018,8,0.77
20240828125719,csv,2018,9,0.8
20240828125719,csv,2018,10,1.01
20240828125719,csv,2018,11,0.82
20240828125719,csv,2018,12,0.91
20240828125719,csv,2019,1,0.93
20240828125719,csv,2019,2,0.95
20240828125719,csv,2019,3,1.17
20240828125719,csv,2019,4,1.01
20240828125719,csv,2019,5,0.85
20240828125719,csv,2019,6,0.9
20240828125719,csv,2019,7,0.94
20240828125719,csv,2019,8,0.95
20240828125719,csv,2019,9,0.92
20240828125719,csv,2019,10,1.0
20240828125719,csv,2019,11,0.99
20240828125719,csv,2019,12,1.09
20240828125719,csv,2020,1,1.17
20240828125719,csv,2020,2,1.24
20240828125719,csv,2020,3,1.17
20240828125719,csv,2020,4,1.12
20240828125719,csv,2020,5,1.01
20240828125719,csv,2020,6,0.91
20240828125719,csv,2020,7,0.89
20240828125719,csv,2020,8,0.87
20240828125719,csv,2020,9,0.98
20240828125719,csv,2020,10,0.87
20240828125719,csv,2020,11,1.1
20240828125719,csv,2020,12,0.8
20240828125719,csv,2021,1,0.81
20240828125719,csv,2021,2,0.64
20240828125719,csv,2021,3,0.89
20240828125719,csv,2021,4,0.76
20240828125719,csv,2021,5,0.79
20240828125719,csv,2021,6,0.84
20240828125719,csv,2021,7,0.92
20240828125719,csv,2021,8,0.82
20240828125719,csv,2021,9,0.92
20240828125719,csv,2021,10,0.99
20240828125719,csv,2021,11,0.93
20240828125719,csv,2021,12,0.86
20240828125719,csv,2022,1,0.91
20240828125719,csv,2022,2,0.89
20240828125719,csv,2022,3,1.05
20240828125719,csv,2022,4,0.84
20240828125719,csv,2022,5,0.84
20240828125719,csv,2022,6,0.92
20240828125719,csv,2022,7,0.94
20240828125719,csv,2022,8,0.95
20240828125719,csv,2022,9,0.89
20240828125719,csv,2022,10,0.96
20240828125719,csv,2022,11,0.73
20240828125719,csv,2022,12,0.8
20240828125719,csv,2023,1,0.88
20240828125719,csv,2023,2,0.98
20240828125719,csv,2023,3,1.22
20240828125719,csv,2023,4,1.0
20240828125719,csv,2023,5,0.94
20240828125719,csv,2023,6,1.08
20240828125719,csv,2023,7,1.19
20240828125719,csv,2023,8,1.19
20240828125719,csv,2023,9,1.48
20240828125719,csv,2023,10,1.34
20240828125719,csv,2023,11,1.42
20240828125719,csv,2023,12,1.35
20240828125719,csv,2024,1,1.22
20240828125719,csv,2024,2,1.43
20240828125719,csv,2024,3,1.4
20240828125719,csv,2024,4,1.32
20240828125719,csv,2024,5,1.16
20240828125719,csv,2024,6,1.25
20240828125719,csv,2024,7,1.21
20240910150642,txt,2012,1,0.47
20240910150642,txt,2012,2,0.49
20240910150642,txt,2012,3,0.56
20240910150642,txt,2012,4,0.72
20240910150642,txt,2012,5,0.78
20240910150642,txt,2012,6,0.64
20240910150642,txt,2012,7,0.58
20240910150642,txt,2012,8,0.66
20240910150642,txt,2012,9,0.72
20240910150642,txt,2012,10,0.79
20240910150642,txt,2012,11,0.78
20240910150642,txt,2012,12,0.53
20240910150642,txt,2013,1,0.7
20240910150642,txt,2013,2,0.62
20240910150642,txt,2013,3,0.67
20240910150642,txt,2013,4,0.53
20240910150642,txt,2013,5,0.6
20240910150642,txt,2013,6,0.69
20240910150642,txt,2013,7,0.59
20240910150642,txt,2013,8,0.7
20240910150642,txt,2013,9,0.76
20240910150642,txt,2013,10,0.69
20240910150642,txt,2013,11,0.83
20240910150642,txt,2013,12,0.7
20240910150642,txt,2014,1,0.76
20240910150642,txt,2014,2,0.55
20240910150642,txt,2014,3,0.78
20240910150642,txt,2014,4,0.8
20240910150642,txt,2014,5,0.86
20240910150642,txt,2014,6,0.67
20240910150642,txt,2014,7,0.58
20240910150642,txt,2014,8,0.83
20240910150642,txt,2014,9,0.87
20240910150642,txt,2014,10,0.8
20240910150642,txt,2014,11,0.67
20240910150642,txt,2014,12,0.78
20240910150642,txt,2015,1,0.87
20240910150642,txt,2015,2,0.9
20240910150642,txt,2015,3,0.96
20240910150642,txt,2015,4,0.75
20240910150642,txt,2015,5,0.79
20240910150642,txt,2015,6,0.81
20240910150642,txt,2015,7,0.73
20240910150642,txt,2015,8,0.79
20240910150642,txt,2015,9,0.85
20240910150642,txt,2015,10,1.09
20240910150642,txt,2015,11,1.06
20240910150642,txt,2015,12,1.17
20240910150642,txt,2016,1,1.18
20240910150642,txt,2016,2,1.36
20240910150642,txt,2016,3,1.35
20240910150642,txt,2016,4,1.09
20240910150642,txt,2016,5,0.95
20240910150642,txt,2016,6,0.8
20240910150642,txt,2016,7,0.84
20240910150642,txt,2016,8,1.02
20240910150642,txt,2016,9,0.9
20240910150642,txt,2016,10,0.88
20240910150642,txt,2016,11,0.92
20240910150642,txt,2016,12,0.87
20240910150642,txt,2017,1,1.03
20240910150642,txt,2017,2,1.14
20240910150642,txt,2017,3,1.16
20240910150642,txt,2017,4,0.94
20240910150642,txt,2017,5,0.91
20240910150642,txt,2017,6,0.71
20240910150642,txt,2017,7,0.81
20240910150642,txt,2017,8,0.87
20240910150642,txt,2017,9,0.76
20240910150642,txt,2017,10,0.9
20240910150642,txt,2017,11,0.88
20240910150642,txt,2017,12,0.93
20240910150642,txt,2018,1,0.83
20240910150642,txt,2018,2,0.85
20240910150642,txt,2018,3,0.88
20240910150642,txt,2018,4,0.88
20240910150642,txt,2018,5,0.82
20240910150642,txt,2018,6,0.77
20240910150642,txt,2018,7,0.83
20240910150642,txt,2018,8,0.76
20240910150642,txt,2018,9,0.8
20240910150642,txt,2018,10,1.01
20240910150642,txt,2018,11,0.82
20240910150642,txt,2018,12,0.92
20240910150642,txt,2019,1,0.93
20240910150642,txt,2019,2,0.95
20240910150642,txt,2019,3,1.17
20240910150642,txt,2019,4,1.01
20240910150642,txt,2019,5,0.85
20240910150642,txt,2019,6,0.9
20240910150642,txt,2019,7,0.94
20240910150642,txt,2019,8,0.95
20240910150642,txt,2019,9,0.92
20240910150642,txt,2019,10,1.0
20240910150642,txt,2019,11,0.99
20240910150642,txt,2019,12,1.1
20240910150642,txt,2020,1,1.17
20240910150642,txt,2020,2,1.24
20240910150642,txt,2020,3,1.17
20240910150642,txt,2020,4,1.12
20240910150642,txt,2020,5,1.01
20240910150642,txt,2020,6,0.91
20240910150642,txt,2020,7,0.89
20240910150642,txt,2020,8,0.86
20240910150642,txt,2020,9,0.98
20240910150642,txt,2020,10,0.87
20240910150642,txt,2020,11,1.1
20240910150642,txt,2020,12,0.79
20240910150642,txt,2021,1,0.81
20240910150642,txt,2021,2,0.64
20240910150642,txt,2021,3,0.89
20240910150642,txt,2021,4,0.76
20240910150642,txt,2021,5,0.79
20240910150642,txt,2021,6,0.84
20240910150642,txt,2021,7,0.92
20240910150642,txt,2021,8,0.82
20240910150642,txt,2021,9,0.92
20240910150642,txt,2021,10,0.99
20240910150642,txt,2021,11,0.93
20240910150642,txt,2021,12,0.87
20240910150642,txt,2022,1,0.91
20240910150642,txt,2022,2,0.89
20240910150642,txt,2022,3,1.05
20240910150642,txt,2022,4,0.84
20240910150642,txt,2022,5,0.84
20240910150642,txt,2022,6,0.92
20240910150642,txt,2022,7,0.94
20240910150642,txt,2022,8,0.95
20240910150642,txt,2022,9,0.89
20240910150642,txt,2022,10,0.96
20240910150642,txt,2022,11,0.73
20240910150642,txt,2022,12,0.8
20240910150642,txt,2023,1,0.87
20240910150642,txt,2023,2,0.96
20240910150642,txt,2023,3,1.22
20240910150642,txt,2023,4,0.99
20240910150642,txt,2023,5,0.94
20240910150642,txt,2023,6,1.08
20240910150642,txt,2023,7,1.19
20240910150642,txt,2023,8,1.19
20240910150642,txt,2023,9,1.48
20240910150642,txt,2023,10,1.34
20240910150642,txt,2023,11,1.42
20240910150642,txt,2023,12,1.35
20240910150642,txt,2024,1,1.24
20240910150642,txt,2024,2,1.43
20240910150642,txt,2024,3,1.4
20240910150642,txt,2024,4,1.32
20240910150642,txt,2024,5,1.16
20240910150642,txt,2024,6,1.25
20240910150642,txt,2024,7,1.21
20240910150642,txt,2024,8,1.3
20240926173024,csv,2012,1,0.47
20240926173024,csv,2012,2,0.49
20240926173024,csv,2012,3,0.56
20240926173024,csv,2012,4,0.72
20240926173024,csv,2012,5,0.78
20240926173024,csv,2012,6,0.64
20240926173024,csv,2012,7,0.58
20240926173024,csv,2012,8,0.66
20240926173024,csv,2012,9,0.72
20240926173024,csv,2012,10,0.79
20240926173024,csv,2012,11,0.78
20240926173024,csv,2012,12,0.53
20240926173024,csv,2013,1,0.7
20240926173024,csv,2013,2,0.62
20240926173024,csv,2013,3,0.67
20240926173024,csv,2013,4,0.53
20240926173024,csv,2013,5,0.6
20240926173024,csv,2013,6,0.69
20240926173024,csv,2013,7,0.59
20240926173024,csv,2013,8,0.7
20240926173024,csv,2013,9,0.76
20240926173024,csv,2013,10,0.69
20240926173024,csv,2013,11,0.83
20240926173024,csv,2013,12,0.7
20240926173024,csv,2014,1,0.76
20240926173024,csv,2014,2,0.55
20240926173024,csv,2014,3,0.78
20240926173024,csv,2014,4,0.8
20240926173024,csv,2014,5,0.86
20240926173024,csv,2014,6,0.67
20240926173024,csv,2014,7,0.58
20240926173024,csv,2014,8,0.83
20240926173024,csv,2014,9,0.87
20240926173024,csv,2014,10,0.8
20240926173024,csv,2014,11,0.67
20240926173024,csv,2014,12,0.78
20240926173024,csv,2015,1,0.87
20240926173024,csv,2015,2,0.9
20240926173024,csv,2015,3,0.96
20240926173024,csv,2015,4,0.75
20240926173024,csv,2015,5,0.79
20240926173024,csv,2015,6,0.81
20240926173024,csv,2015,7,0.73
20240926173024,csv,2015,8,0.79
20240926173024,csv,2015,9,0.85
20240926173024,csv,2015,10,1.09
20240926173024,csv,2015,11,1.06
20240926173024,csv,2015,12,1.17
20240926173024,csv,2016,1,1.18
20240926173024,csv,2016,2,1.36
20240926173024,csv,2016,3,1.35
20240926173024,csv,2016,4,1.09
20240926173024,csv,2016,5,0.95
20240926173024,csv,2016,6,0.8
20240926173024,csv,2016,7,0.84
20240926173024,csv,2016,8,1.02
20240926173024,csv,2016,9,0.9
20240926173024,csv,2016,10,0.88
20240926173024,csv,2016,11,0.92
20240926173024,csv,2016,12,0.87
20240926173024,csv,2017,1,1.03
20240926173024,csv,2017,2,1.14
20240926173024,csv,2017,3,1.16
20240926173024,csv,2017,4,0.94
20240926173024,csv,2017,5,0.91
20240926173024,csv,2017,6,0.71
20240926173024,csv,2017,7,0.81
20240926173024,csv,2017,8,0.87
20240926173024,csv,2017,9,0.76
20240926173024,csv,2017,10,0.9
20240926173024,csv,2017,11,0.88
20240926173024,csv,2017,12,0.93
20240926173024,csv,2018,1,0.83
20240926173024,csv,2018,2,0.85
20240926173024,csv,2018,3,0.88
20240926173024,csv,2018,4,0.88
20240926173024,csv,2018,5,0.82
20240926173024,csv,2018,6,0.77
20240926173024,csv,2018,7,0.83
20240926173024,csv,2018,8,0.76
20240926173024,csv,2018,9,0.8
20240926173024,csv,2018,10,1.01
20240926173024,csv,2018,11,0.82
20240926173024,csv,2018,12,0.92
20240926173024,csv,2019,1,0.93
20240926173024,csv,2019,2,0.95
20240926173024,csv,2019,3,1.17
20240926173024,csv,2019,4,1.01
20240926173024,csv,2019,5,0.85
20240926173024,csv,2019,6,0.9
20240926173024,csv,2019,7,0.94
20240926173024,csv,2019,8,0.95
20240926173024,csv,2019,9,0.92
20240926173024,csv,2019,10,1.0
20240926173024,csv,2019,11,0.99
20240926173024,csv,2019,12,1.1
20240926173024,csv,2020,1,1.17
20240926173024,csv,2020,2,1.24
20240926173024,csv,2020,3,1.17
20240926173024,csv,2020,4,1.12
20240926173024,csv,2020,5,1.01
20240926173024,csv,2020,6,0.91
20240926173024,csv,2020,7,0.89
20240926173024,csv,2020,8,0.86
20240926173024,csv,2020,9,0.98
20240926173024,csv,2020,10,0.87
20240926173024,csv,2020,11,1.1
20240926173024,csv,2020,12,0.79
20240926173024,csv,2021,1,0.81
20240926173024,csv,2021,2,0.64
20240926173024,csv,2021,3,0.89
20240926173024,csv,2021,4,0.76
20240926173024,csv,2021,5,0.79
20240926173024,csv,2021,6,0.84
20240926173024,csv,2021,7,0.92
20240926173024,csv,2021,8,0.82
20240926173024,csv,2021,9,0.92
20240926173024,csv,2021,10,0.99
20240926173024,csv,2021,11,0.93
20240926173024,csv,2021,12,0.87
20240926173024,csv,2022,1,0.91
20240926173024,csv,2022,2,0.89
20240926173024,csv,2022,3,1.05
20240926173024,csv,2022,4,0.84
20240926173024,csv,2022,5,0.84
20240926173024,csv,2022,6,0.92
20240926173024,csv,2022,7,0.94
20240926173024,csv,2022,8,0.95
20240926173024,csv,2022,9,0.89
20240926173024,csv,2022,10,0.96
20240926173024,csv,2022,11,0.73
20240926173024,csv,2022,12,0.8
20240926173024,csv,2023,1,0.87
20240926173024,csv,2023,2,0.96
20240926173024,csv,2023,3,1.22
20240926173024,csv,2023,4,0.99
20240926173024,csv,2023,5,0.94
20240926173024,csv,2023,6,1.08
20240926173024,csv,2023,7,1.19
20240926173024,csv,2023,8,1.19
20240926173024,csv,2023,9,1.48
20240926173024,csv,2023,10,1.34
20240926173024,csv,2023,11,1.42
20240926173024,csv,2023,12,1.35
20240926173024,csv,2024,1,1.24
20240926173024,csv,2024,2,1.43
20240926173024,csv,2024,3,1.4
20240926173024,csv,2024,4,1.32
20240926173024,csv,2024,5,1.16
20240926173024,csv,2024,6,1.25
20240926173024,csv,2024,7,1.21
20240926173024,csv,2024,8,1.3
20241027203951,txt,2012,1,0.47
20241027203951,txt,2012,2,0.49
20241027203951,txt,2012,3,0.57
20241027203951,txt,2012,4,0.73
20241027203951,txt,2012,5,0.78
20241027203951,txt,2012,6,0.64
20241027203951,txt,2012,7,0.58
20241027203951,txt,2012,8,0.66
20241027203951,txt,2012,9,0.72
20241027203951,txt,2012,10,0.8
20241027203951,txt,2012,11,0.78
20241027203951,txt,2012,12,0.53
20241027203951,txt,2013,1,0.71
20241027203951,txt,2013,2,0.62
20241027203951,txt,2013,3,0.67
20241027203951,txt,2013,4,0.53
20241027203951,txt,2013,5,0.6
20241027203951,txt,2013,6,0.69
20241027203951,txt,2013,7,0.6
20241027203951,txt,2013,8,0.7
20241027203951,txt,2013,9,0.76
20241027203951,txt,2013,10,0.69
20241027203951,txt,2013,11,0.83
20241027203951,txt,2013,12,0.7
20241027203951,txt,2014,1,0.76
20241027203951,txt,2014,2,0.55
20241027203951,txt,2014,3,0.78
20241027203951,txt,2014,4,0.8
20241027203951,txt,2014,5,0.86
20241027203951,txt,2014,6,0.67
20241027203951,txt,2014,7,0.58
20241027203951,txt,2014,8,0.83
20241027203951,txt,2014,9,0.87
20241027203951,txt,2014,10,0.8
20241027203951,txt,2014,11,0.67
20241027203951,txt,2014,12,0.78
20241027203951,txt,2015,1,0.87
20241027203951,txt,2015,2,0.9
20241027203951,txt,2015,3,0.96
20241027203951,txt,2015,4,0.75
20241027203951,txt,2015,5,0.79
20241027203951,txt,2015,6,0.81
20241027203951,txt,2015,7,0.73
20241027203951,txt,2015,8,0.79
20241027203951,txt,2015,9,0.84
20241027203951,txt,2015,10,1.08
20241027203951,txt,2015,11,1.06
20241027203951,txt,2015,12,1.17
20241027203951,txt,2016,1,1.18
20241027203951,txt,2016,2,1.37
20241027203951,txt,2016,3,1.35
20241027203951,txt,2016,4,1.09
20241027203951,txt,2016,5,0.95
20241027203951,txt,2016,6,0.81
20241027203951,txt,2016,7,0.84
20241027203951,txt,2016,8,1.02
20241027203951,txt,2016,9,0.9
20241027203951,txt,2016,10,0.88
20241027203951,txt,2016,11,0.91
20241027203951,txt,2016,12,0.86
20241027203951,txt,2017,1,1.02
20241027203951,txt,2017,2,1.13
20241027203951,txt,2017,3,1.16
20241027203951,txt,2017,4,0.94
20241027203951,txt,2017,5,0.91
20241027203951,txt,2017,6,0.71
20241027203951,txt,2017,7,0.81
20241027203951,txt,2017,8,0.87
20241027203951,txt,2017,9,0.75
20241027203951,txt,2017,10,0.89
20241027203951,txt,2017,11,0.88
20241027203951,txt,2017,12,0.93
20241027203951,txt,2018,1,0.82
20241027203951,txt,2018,2,0.85
20241027203951,txt,2018,3,0.88
20241027203951,txt,2018,4,0.88
20241027203951,txt,2018,5,0.81
20241027203951,txt,2018,6,0.76
20241027203951,txt,2018,7,0.83
20241027203951,txt,2018,8,0.78
20241027203951,txt,2018,9,0.8
20241027203951,txt,2018,10,1.01
20241027203951,txt,2018,11,0.83
20241027203951,txt,2018,12,0.92
20241027203951,txt,2019,1,0.93
20241027203951,txt,2019,2,0.94
20241027203951,txt,2019,3,1.16
20241027203951,txt,2019,4,1.0
20241027203951,txt,2019,5,0.86
20241027203951,txt,2019,6,0.9
20241027203951,txt,2019,7,0.93
20241027203951,txt,2019,8,0.95
20241027203951,txt,2019,9,0.92
20241027203951,txt,2019,10,0.99
20241027203951,txt,2019,11,0.99
20241027203951,txt,2019,12,1.11
20241027203951,txt,2020,1,1.17
20241027203951,txt,2020,2,1.24
20241027203951,txt,2020,3,1.18
20241027203951,txt,2020,4,1.12
20241027203951,txt,2020,5,0.99
20241027203951,txt,2020,6,0.91
20241027203951,txt,2020,7,0.88
20241027203951,txt,2020,8,0.86
20241027203951,txt,2020,9,0.96
20241027203951,txt,2020,10,0.87
20241027203951,txt,2020,11,1.1
20241027203951,txt,2020,12,0.79
20241027203951,txt,2021,1,0.81
20241027203951,txt,2021,2,0.64
20241027203951,txt,2021,3,0.89
20241027203951,txt,2021,4,0.76
20241027203951,txt,2021,5,0.79
20241027203951,txt,2021,6,0.84
20241027203951,txt,2021,7,0.91
20241027203951,txt,2021,8,0.81
20241027203951,txt,2021,9,0.92
20241027203951,txt,2021,10,0.99
20241027203951,txt,2021,11,0.93
20241027203951,txt,2021,12,0.87
20241027203951,txt,2022,1,0.91
20241027203951,txt,2022,2,0.89
20241027203951,txt,2022,3,1.04
20241027203951,txt,2022,4,0.83
20241027203951,txt,2022,5,0.84
20241027203951,txt,2022,6,0.92
20241027203951,txt,2022,7,0.94
20241027203951,txt,2022,8,0.94
20241027203951,txt,2022,9,0.88
20241027203951,txt,2022,10,0.96
20241027203951,txt,2022,11,0.74
20241027203951,txt,2022,12,0.8
20241027203951,txt,2023,1,0.88
20241027203951,txt,2023,2,0.97
20241027203951,txt,2023,3,1.23
20241027203951,txt,2023,4,0.99
20241027203951,txt,2023,5,0.94
20241027203951,txt,2023,6,1.08
20241027203951,txt,2023,7,1.19
20241027203951,txt,2023,8,1.19
20241027203951,txt,2023,9,1.48
20241027203951,txt,2023,10,1.34
20241027203951,txt,2023,11,1.42
20241027203951,txt,2023,12,1.35
20241027203951,txt,2024,1,1.24
20241027203951,txt,2024,2,1.44
20241027203951,txt,2024,3,1.39
20241027203951,txt,2024,4,1.31
20241027203951,txt,2024,5,1.16
20241027203951,txt,2024,6,1.24
20241027203951,txt,2024,7,1.2
20241027203951,txt,2024,8,1.3
20241027203951,txt,2024,9,1.26
20241031213759,csv,2012,1,0.47
20241031213759,csv,2012,2,0.49
20241031213759,csv,2012,3,0.57
20241031213759,csv,2012,4,0.73
20241031213759,csv,2012,5,0.78
20241031213759,csv,2012,6,0.64
20241031213759,csv,2012,7,0.58
20241031213759,csv,2012,8,0.66
20241031213759,csv,2012,9,0.72
20241031213759,csv,2012,10,0.8
20241031213759,csv,2012,11,0.78
20241031213759,csv,2012,12,0.53
20241031213759,csv,2013,1,0.71
20241031213759,csv,2013,2,0.62
20241031213759,csv,2013,3,0.67
20241031213759,csv,2013,4,0.53
20241031213759,csv,2013,5,0.6
20241031213759,csv,2013,6,0.69
20241031213759,csv,2013,7,0.6
20241031213759,csv,2013,8,0.7
20241031213759,csv,2013,9,0.76
20241031213759,csv,2013,10,0.69
20241031213759,csv,2013,11,0.83
20241031213759,csv,2013,12,0.7
20241031213759,csv,2014,1,0.76
20241031213759,csv,2014,2,0.55
20241031213759,csv,2014,3,0.78
20241031213759,csv,2014,4,0.8
20241031213759,csv,2014,5,0.86
20241031213759,csv,2014,6,0.67
20241031213759,csv,2014,7,0.58
20241031213759,csv,2014,8,0.83
20241031213759,csv,2014,9,0.87
20241031213759,csv,2014,10,0.8
20241031213759,csv,2014,11,0.67
20241031213759,csv,2014,12,0.78
20241031213759,csv,2015,1,0.87
20241031213759,csv,2015,2,0.9
20241031213759,csv,2015,3,0.96
20241031213759,csv,2015,4,0.75
20241031213759,csv,2015,5,0.79
20241031213759,csv,2015,6,0.81
20241031213759,csv,2015,7,0.73
20241031213759,csv,2015,8,0.79
20241031213759,csv,2015,9,0.84
20241031213759,csv,2015,10,1.08
20241031213759,csv,2015,11,1.06
20241031213759,csv,2015,12,1.17
20241031213759,csv,2016,1,1.18
20241031213759,csv,2016,2,1.37
20241031213759,csv,2016,3,1.35
20241031213759,csv,2016,4,1.09
20241031213759,csv,2016,5,0.95
20241031213759,csv,2016,6,0.81
20241031213759,csv,2016,7,0.84
20241031213759,csv,2016,8,1.02
20241031213759,csv,2016,9,0.9
20241031213759,csv,2016,10,0.88
20241031213759,csv,2016,11,0.91
20241031213759,csv,2016,12,0.86
20241031213759,csv,2017,1,1.02
20241031213759,csv,2017,2,1.13
20241031213759,csv,2017,3,1.16
20241031213759,csv,2017,4,0.94
20241031213759,csv,2017,5,0.91
20241031213759,csv,2017,6,0.71
20241031213759,csv,2017,7,0.81
20241031213759,csv,2017,8,0.87
20241031213759,csv,2017,9,0.75
20241031213759,csv,2017,10,0.89
20241031213759,csv,2017,11,0.88
20241031213759,csv,2017,12,0.93
20241031213759,csv,2018,1,0.82
20241031213759,csv,2018,2,0.85
20241031213759,csv,2018,3,0.88
20241031213759,csv,2018,4,0.88
20241031213759,csv,2018,5,0.81
20241031213759,csv,2018,6,0.76
20241031213759,csv,2018,7,0.83
20241031213759,csv,2018,8,0.78
20241031213759,csv,2018,9,0.8
20241031213759,csv,2018,10,1.01
20241031213759,csv,2018,11,0.83
20241031213759,csv,2018,12,0.92
20241031213759,csv,2019,1,0.93
20241031213759,csv,2019,2,0.94
20241031213759,csv,2019,3,1.16
20241031213759,csv,2019,4,1.0
20241031213759,csv,2019,5,0.86
20241031213759,csv,2019,6,0.9
20241031213759,csv,2019,7,0.93
20241031213759,csv,2019,8,0.95
20241031213759,csv,2019,9,0.92
20241031213759,csv,2019,10,0.99
20241031213759,csv,2019,11,0.99
20241031213759,csv,2019,12,1.11
20241031213759,csv,2020,1,1.17
20241031213759,csv,2020,2,1.24
20241031213759,csv,2020,3,1.18
20241031213759,csv,2020,4,1.12
20241031213759,csv,2020,5,0.99
20241031213759,csv,2020,6,0.91
20241031213759,csv,2020,7,0.88
20241031213759,csv,2020,8,0.86
20241031213759,csv,2020,9,0.96
20241031213759,csv,2020,10,0.87
20241031213759,csv,2020,11,1.1
20241031213759,csv,2020,12,0.79
20241031213759,csv,2021,1,0.81
20241031213759,csv,2021,2,0.64
20241031213759,csv,2021,3,0.89
20241031213759,csv,2021,4,0.76
20241031213759,csv,2021,5,0.79
20241031213759,csv,2021,6,0.84
20241031213759,csv,2021,7,0.91
20241031213759,csv,2021,8,0.81
20241031213759,csv,2021,9,0.92
20241031213759,csv,2021,10,0.99
20241031213759,csv,2021,11,0.93
20241031213759,csv,2021,12,0.87
20241031213759,csv,2022,1,0.91
20241031213759,csv,2022,2,0.89
20241031213759,csv,2022,3,1.04
20241031213759,csv,2022,4,0.83
20241031213759,csv,2022,5,0.84
20241031213759,csv,2022,6,0.92
20241031213759,csv,2022,7,0.94
20241031213759,csv,2022,8,0.94
20241031213759,csv,2022,9,0.88
20241031213759,csv,2022,10,0.96
20241031213759,csv,2022,11,0.74
20241031213759,csv,2022,12,0.8
20241031213759,csv,2023,1,0.88
20241031213759,csv,2023,2,0.97
20241031213759,csv,2023,3,1.23
20241031213759,csv,2023,4,0.99
20241031213759,csv,2023,5,0.94
20241031213759,csv,2023,6,1.08
20241031213759,csv,2023,7,1.19
20241031213759,csv,2023,8,1.19
20241031213759,csv,2023,9,1.48
20241031213759,csv,2023,10,1.34
20241031213759,csv,2023,11,1.42
20241031213759,csv,2023,12,1.35
20241031213759,csv,2024,1,1.24
20241031213759,csv,2024,2,1.44
20241031213759,csv,2024,3,1.39
20241031213759,csv,2024,4,1.31
20241031213759,csv,2024,5,1.16
20241031213759,csv,2024,6,1.24
20241031213759,csv,2024,7,1.2
20241031213759,csv,2024,8,1.3
20241031213759,csv,2024,9,1.26
20241114151218,txt,2012,1,0.47
20241114151218,txt,2012,2,0.49
20241114151218,txt,2012,3,0.57
20241114151218,txt,2012,4,0.73
20241114151218,txt,2012,5,0.79
20241114151218,txt,2012,6,0.64
20241114151218,txt,2012,7,0.59
20241114151218,txt,2012,8,0.66
20241114151218,txt,2012,9,0.73
20241114151218,txt,2012,10,0.8
20241114151218,txt,2012,11,0.79
20241114151218,txt,2012,12,0.53
20241114151218,txt,2013,1,0.71
20241114151218,txt,2013,2,0.62
20241114151218,txt,2013,3,0.67
20241114151218,txt,2013,4,0.53
20241114151218,txt,2013,5,0.6
20241114151218,txt,2013,6,0.7
20241114151218,txt,2013,7,0.6
20241114151218,txt,2013,8,0.71
20241114151218,txt,2013,9,0.77
20241114151218,txt,2013,10,0.7
20241114151218,txt,2013,11,0.83
20241114151218,txt,2013,12,0.7
20241114151218,txt,2014,1,0.77
20241114151218,txt,2014,2,0.55
20241114151218,txt,2014,3,0.78
20241114151218,txt,2014,4,0.81
20241114151218,txt,2014,5,0.87
20241114151218,txt,2014,6,0.67
20241114151218,txt,2014,7,0.58
20241114151218,txt,2014,8,0.83
20241114151218,txt,2014,9,0.88
20241114151218,txt,2014,10,0.81
20241114151218,txt,2014,11,0.67
20241114151218,txt,2014,12,0.78
20241114151218,txt,2015,1,0.87
20241114151218,txt,2015,2,0.9
20241114151218,txt,2015,3,0.96
20241114151218,txt,2015,4,0.75
20241114151218,txt,2015,5,0.8
20241114151218,txt,2015,6,0.81
20241114151218,txt,2015,7,0.73
20241114151218,txt,2015,8,0.79
20241114151218,txt,2015,9,0.84
20241114151218,txt,2015,10,1.08
20241114151218,txt,2015,11,1.06
20241114151218,txt,2015,12,1.17
20241114151218,txt,2016,1,1.18
20241114151218,txt,2016,2,1.37
20241114151218,txt,2016,3,1.35
20241114151218,txt,2016,4,1.09
20241114151218,txt,2016,5,0.96
20241114151218,txt,2016,6,0.81
20241114151218,txt,2016,7,0.84
20241114151218,txt,2016,8,1.02
20241114151218,txt,2016,9,0.9
20241114151218,txt,2016,10,0.88
20241114151218,txt,2016,11,0.92
20241114151218,txt,2016,12,0.86
20241114151218,txt,2017,1,1.02
20241114151218,txt,2017,2,1.14
20241114151218,txt,2017,3,1.17
20241114151218,txt,2017,4,0.94
20241114151218,txt,2017,5,0.91
20241114151218,txt,2017,6,0.71
20241114151218,txt,2017,7,0.82
20241114151218,txt,2017,8,0.87
20241114151218,txt,2017,9,0.75
20241114151218,txt,2017,10,0.89
20241114151218,txt,2017,11,0.88
20241114151218,txt,2017,12,0.93
20241114151218,txt,2018,1,0.82
20241114151218,txt,2018,2,0.85
20241114151218,txt,2018,3,0.88
20241114151218,txt,2018,4,0.89
20241114151218,txt,2018,5,0.81
20241114151218,txt,2018,6,0.77
20241114151218,txt,2018,7,0.83
20241114151218,txt,2018,8,0.78
20241114151218,txt,2018,9,0.81
20241114151218,txt,2018,10,1.01
20241114151218,txt,2018,11,0.84
20241114151218,txt,2018,12,0.93
20241114151218,txt,2019,1,0.93
20241114151218,txt,2019,2,0.95
20241114151218,txt,2019,3,1.17
20241114151218,txt,2019,4,1.01
20241114151218,txt,2019,5,0.86
20241114151218,txt,2019,6,0.9
20241114151218,txt,2019,7,0.93
20241114151218,txt,2019,8,0.95
20241114151218,txt,2019,9,0.93
20241114151218,txt,2019,10,0.99
20241114151218,txt,2019,11,0.99
20241114151218,txt,2019,12,1.12
20241114151218,txt,2020,1,1.18
20241114151218,txt,2020,2,1.24
20241114151218,txt,2020,3,1.18
20241114151218,txt,2020,4,1.12
20241114151218,txt,2020,5,0.99
20241114151218,txt,2020,6,0.91
20241114151218,txt,2020,7,0.89
20241114151218,txt,2020,8,0.86
20241114151218,txt,2020,9,0.96
20241114151218,txt,2020,10,0.87
20241114151218,txt,2020,11,1.1
20241114151218,txt,2020,12,0.79
20241114151218,txt,2021,1,0.81
20241114151218,txt,2021,2,0.65
20241114151218,txt,2021,3,0.89
20241114151218,txt,2021,4,0.76
20241114151218,txt,2021,5,0.79
20241114151218,txt,2021,6,0.84
20241114151218,txt,2021,7,0.92
20241114151218,txt,2021,8,0.81
20241114151218,txt,2021,9,0.92
20241114151218,txt,2021,10,0.99
20241114151218,txt,2021,11,0.93
20241114151218,txt,2021,12,0.88
20241114151218,txt,2022,1,0.91
20241114151218,txt,2022,2,0.89
20241114151218,txt,2022,3,1.05
20241114151218,txt,2022,4,0.83
20241114151218,txt,2022,5,0.84
20241114151218,txt,2022,6,0.92
20241114151218,txt,2022,7,0.94
20241114151218,txt,2022,8,0.95
20241114151218,txt,2022,9,0.89
20241114151218,txt,2022,10,0.97
20241114151218,txt,2022,11,0.74
20241114151218,txt,2022,12,0.8
20241114151218,txt,2023,1,0.88
20241114151218,txt,2023,2,0.98
20241114151218,txt,2023,3,1.23
20241114151218,txt,2023,4,0.99
20241114151218,txt,2023,5,0.94
20241114151218,txt,2023,6,1.08
20241114151218,txt,2023,7,1.19
20241114151218,txt,2023,8,1.19
20241114151218,txt,2023,9,1.48
20241114151218,txt,2023,10,1.34
20241114151218,txt,2023,11,1.42
20241114151218,txt,2023,12,1.36
20241114151218,txt,2024,1,1.25
20241114151218,txt,2024,2,1.44
20241114151218,txt,2024,3,1.39
20241114151218,txt,2024,4,1.32
20241114151218,txt,2024,5,1.16
20241114151218,txt,2024,6,1.24
20241114151218,txt,2024,7,1.2
20241114151218,txt,2024,8,1.3
20241114151218,txt,2024,9,1.23
20241114151218,txt,2024,10,1.32
20241127212357,csv,2012,1,0.47
20241127212357,csv,2012,2,0.49
20241127212357,csv,2012,3,0.57
20241127212357,csv,2012,4,0.73
20241127212357,csv,2012,5,0.79
20241127212357,csv,2012,6,0.64
20241127212357,csv,2012,7,0.59
20241127212357,csv,2012,8,0.66
20241127212357,csv,2012,9,0.73
20241127212357,csv,2012,10,0.8
20241127212357,csv,2012,11,0.79
20241127212357,csv,2012,12,0.53
20241127212357,csv,2013,1,0.71
20241127212357,csv,2013,2,0.62
20241127212357,csv,2013,3,0.67
20241127212357,csv,2013,4,0.53
20241127212357,csv,2013,5,0.6
20241127212357,csv,2013,6,0.7
20241127212357,csv,2013,7,0.6
20241127212357,csv,2013,8,0.71
20241127212357,csv,2013,9,0.77
20241127212357,csv,2013,10,0.7
20241127212357,csv,2013,11,0.83
20241127212357,csv,2013,12,0.7
20241127212357,csv,2014,1,0.77
20241127212357,csv,2014,2,0.55
20241127212357,csv,2014,3,0.78
20241127212357,csv,2014,4,0.81
20241127212357,csv,2014,5,0.87
20241127212357,csv,2014,6,0.67
20241127212357,csv,2014,7,0.58
20241127212357,csv,2014,8,0.83
20241127212357,csv,2014,9,0.88
20241127212357,csv,2014,10,0.81
20241127212357,csv,2014,11,0.67
20241127212357,csv,2014,12,0.78
20241127212357,csv,2015,1,0.87
20241127212357,csv,2015,2,0.9
20241127212357,csv,2015,3,0.96
20241127212357,csv,2015,4,0.75
20241127212357,csv,2015,5,0.8
20241127212357,csv,2015,6,0.81
20241127212357,csv,2015,7,0.73
20241127212357,csv,2015,8,0.79
20241127212357,csv,2015,9,0.84
20241127212357,csv,2015,10,1.08
20241127212357,csv,2015,11,1.06
20241127212357,csv,2015,12,1.17
20241127212357,csv,2016,1,1.18
20241127212357,csv,2016,2,1.37
20241127212357,csv,2016,3,1.35
20241127212357,csv,2016,4,1.09
20241127212357,csv,2016,5,0.96
20241127212357,csv,2016,6,0.81
20241127212357,csv,2016,7,0.84
20241127212357,csv,2016,8,1.02
20241127212357,csv,2016,9,0.9
20241127212357,csv,2016,10,0.88
20241127212357,csv,2016,11,0.92
20241127212357,csv,2016,12,0.86
20241127212357,csv,2017,1,1.02
20241127212357,csv,2017,2,1.14
20241127212357,csv,2017,3,1.17
20241127212357,csv,2017,4,0.94
20241127212357,csv,2017,5,0.91
20241127212357,csv,2017,6,0.71
20241127212357,csv,2017,7,0.82
20241127212357,csv,2017,8,0.87
20241127212357,csv,2017,9,0.75
20241127212357,csv,2017,10,0.89
20241127212357,csv,2017,11,0.88
20241127212357,csv,2017,12,0.93
20241127212357,csv,2018,1,0.82
20241127212357,csv,2018,2,0.85
20241127212357,csv,2018,3,0.88
20241127212357,csv,2018,4,0.89
20241127212357,csv,2018,5,0.81
20241127212357,csv,2018,6,0.77
20241127212357,csv,2018,7,0.83
20241127212357,csv,2018,8,0.78
20241127212357,csv,2018,9,0.81
20241127212357,csv,2018,10,1.01
20241127212357,csv,2018,11,0.84
20241127212357,csv,2018,12,0.93
20241127212357,csv,2019,1,0.93
20241127212357,csv,2019,2,0.95
20241127212357,csv,2019,3,1.17
20241127212357,csv,2019,4,1.01
20241127212357,csv,2019,5,0.86
20241127212357,csv,2019,6,0.9
20241127212357,csv,2019,7,0.93
20241127212357,csv,2019,8,0.95
20241127212357,csv,2019,9,0.93
20241127212357,csv,2019,10,0.99
20241127212357,csv,2019,11,0.99
20241127212357,csv,2019,12,1.12
20241127212357,csv,2020,1,1.18
20241127212357,csv,2020,2,1.24
20241127212357,csv,2020,3,1.18
20241127212357,csv,2020,4,1.12
20241127212357,csv,2020,5,0.99
20241127212357,csv,2020,6,0.91
20241127212357,csv,2020,7,0.89
20241127212357,csv,2020,8,0.86
20241127212357,csv,2020,9,0.96
20241127212357,csv,2020,10,0.87
20241127212357,csv,2020,11,1.1
20241127212357,csv,2020,12,0.79
20241127212357,csv,2021,1,0.81
20241127212357,csv,2021,2,0.65
20241127212357,csv,2021,3,0.89
20241127212357,csv,2021,4,0.76
20241127212357,csv,2021,5,0.79
20241127212357,csv,2021,6,0.84
20241127212357,csv,2021,7,0.92
20241127212357,csv,2021,8,0.81
20241127212357,csv,2021,9,0.92
20241127212357,csv,2021,10,0.99
20241127212357,csv,2021,11,0.93
20241127212357,csv,2021,12,0.88
20241127212357,csv,2022,1,0.91
20241127212357,csv,2022,2,0.89
20241127212357,csv,2022,3,1.05
20241127212357,csv,2022,4,0.83
20241127212357,csv,2022,5,0.84
20241127212357,csv,2022,6,0.92
20241127212357,csv,2022,7,0.94
20241127212357,csv,2022,8,0.95
20241127212357,csv,2022,9,0.89
20241127212357,csv,2022,10,0.97
20241127212357,csv,2022,11,0.74
20241127212357,csv,2022,12,0.8
20241127212357,csv,2023,1,0.88
20241127212357,csv,2023,2,0.98
20241127212357,csv,2023,3,1.23
20241127212357,csv,2023,4,0.99
20241127212357,csv,2023,5,0.94
20241127212357,csv,2023,6,1.08
20241127212357,csv,2023,7,1.19
20241127212357,csv,2023,8,1.19
20241127212357,csv,2023,9,1.48
20241127212357,csv,2023,10,1.34
20241127212357,csv,2023,11,1.42
20241127212357,csv,2023,12,1.36
20241127212357,csv,2024,1,1.25
20241127212357,csv,2024,2,1.44
20241127212357,csv,2024,3,1.39
20241127212357,csv,2024,4,1.32
20241127212357,csv,2024,5,1.16
20241127212357,csv,2024,6,1.24
20241127212357,csv,2024,7,1.2
20241127212357,csv,2024,8,1.3
20241127212357,csv,2024,9,1.23
20241127212357,csv,2024,10,1.32
20241210160122,txt,2012,1,0.47
20241210160122,txt,2012,2,0.49
20241210160122,txt,2012,3,0.57
20241210160122,txt,2012,4,0.73
20241210160122,txt,2012,5,0.78
20241210160122,txt,2012,6,0.64
20241210160122,txt,2012,7,0.58
20241210160122,txt,2012,8,0.66
20241210160122,txt,2012,9,0.72
20241210160122,txt,2012,10,0.8
20241210160122,txt,2012,11,0.78
20241210160122,txt,2012,12,0.53
20241210160122,txt,2013,1,0.71
20241210160122,txt,2013,2,0.62
20241210160122,txt,2013,3,0.67
20241210160122,txt,2013,4,0.53
20241210160122,txt,2013,5,0.6
20241210160122,txt,2013,6,0.69
20241210160122,txt,2013,7,0.6
20241210160122,txt,2013,8,0.7
20241210160122,txt,2013,9,0.77
20241210160122,txt,2013,10,0.69
20241210160122,txt,2013,11,0.83
20241210160122,txt,2013,12,0.7
20241210160122,txt,2014,1,0.76
20241210160122,txt,2014,2,0.55
20241210160122,txt,2014,3,0.78
20241210160122,txt,2014,4,0.8
20241210160122,txt,2014,5,0.86
20241210160122,txt,2014,6,0.67
20241210160122,txt,2014,7,0.58
20241210160122,txt,2014,8,0.83
20241210160122,txt,2014,9,0.87
20241210160122,txt,2014,10,0.8
20241210160122,txt,2014,11,0.67
20241210160122,txt,2014,12,0.78
20241210160122,txt,2015,1,0.87
20241210160122,txt,2015,2,0.9
20241210160122,txt,2015,3,0.96
20241210160122,txt,2015,4,0.75
20241210160122,txt,2015,5,0.79
20241210160122,txt,2015,6,0.81
20241210160122,txt,2015,7,0.73
20241210160122,txt,2015,8,0.79
20241210160122,txt,2015,9,0.84
20241210160122,txt,2015,10,1.07
20241210160122,txt,2015,11,1.06
20241210160122,txt,2015,12,1.16
20241210160122,txt,2016,1,1.18
20241210160122,txt,2016,2,1.36
20241210160122,txt,2016,3,1.35
20241210160122,txt,2016,4,1.09
20241210160122,txt,2016,5,0.95
20241210160122,txt,2016,6,0.81
20241210160122,txt,2016,7,0.84
20241210160122,txt,2016,8,1.02
20241210160122,txt,2016,9,0.9
20241210160122,txt,2016,10,0.87
20241210160122,txt,2016,11,0.92
20241210160122,txt,2016,12,0.86
20241210160122,txt,2017,1,1.02
20241210160122,txt,2017,2,1.13
20241210160122,txt,2017,3,1.16
20241210160122,txt,2017,4,0.94
20241210160122,txt,2017,5,0.91
20241210160122,txt,2017,6,0.71
20241210160122,txt,2017,7,0.82
20241210160122,txt,2017,8,0.87
20241210160122,txt,2017,9,0.75
20241210160122,txt,2017,10,0.89
20241210160122,txt,2017,11,0.88
20241210160122,txt,2017,12,0.93
20241210160122,txt,2018,1,0.82
20241210160122,txt,2018,2,0.85
20241210160122,txt,2018,3,0.88
20241210160122,txt,2018,4,0.88
20241210160122,txt,2018,5,0.81
20241210160122,txt,2018,6,0.76
20241210160122,txt,2018,7,0.83
20241210160122,txt,2018,8,0.78
20241210160122,txt,2018,9,0.8
20241210160122,txt,2018,10,1.01
20241210160122,txt,2018,11,0.83
20241210160122,txt,2018,12,0.92
20241210160122,txt,2019,1,0.93
20241210160122,txt,2019,2,0.94
20241210160122,txt,2019,3,1.16
20241210160122,txt,2019,4,1.0
20241210160122,txt,2019,5,0.86
20241210160122,txt,2019,6,0.9
20241210160122,txt,2019,7,0.93
20241210160122,txt,2019,8,0.95
20241210160122,txt,2019,9,0.93
20241210160122,txt,2019,10,0.99
20241210160122,txt,2019,11,0.98
20241210160122,txt,2019,12,1.11
20241210160122,txt,2020,1,1.17
20241210160122,txt,2020,2,1.24
20241210160122,txt,2020,3,1.18
20241210160122,txt,2020,4,1.12
20241210160122,txt,2020,5,0.99
20241210160122,txt,2020,6,0.91
20241210160122,txt,2020,7,0.89
20241210160122,txt,2020,8,0.86
20241210160122,txt,2020,9,0.96
20241210160122,txt,2020,10,0.87
20241210160122,txt,2020,11,1.09
20241210160122,txt,2020,12,0.79
20241210160122,txt,2021,1,0.81
20241210160122,txt,2021,2,0.64
20241210160122,txt,2021,3,0.89
20241210160122,txt,2021,4,0.75
20241210160122,txt,2021,5,0.79
20241210160122,txt,2021,6,0.84
20241210160122,txt,2021,7,0.91
20241210160122,txt,2021,8,0.81
20241210160122,txt,2021,9,0.92
20241210160122,txt,2021,10,0.98
20241210160122,txt,2021,11,0.92
20241210160122,txt,2021,12,0.87
20241210160122,txt,2022,1,0.91
20241210160122,txt,2022,2,0.89
20241210160122,txt,2022,3,1.04
20241210160122,txt,2022,4,0.83
20241210160122,txt,2022,5,0.84
20241210160122,txt,2022,6,0.92
20241210160122,txt,2022,7,0.94
20241210160122,txt,2022,8,0.94
20241210160122,txt,2022,9,0.88
20241210160122,txt,2022,10,0.96
20241210160122,txt,2022,11,0.73
20241210160122,txt,2022,12,0.8
20241210160122,txt,2023,1,0.88
20241210160122,txt,2023,2,0.97
20241210160122,txt,2023,3,1.23
20241210160122,txt,2023,4,0.99
20241210160122,txt,2023,5,0.94
20241210160122,txt,2023,6,1.08
20241210160122,txt,2023,7,1.19
20241210160122,txt,2023,8,1.19
20241210160122,txt,2023,9,1.48
20241210160122,txt,2023,10,1.34
20241210160122,txt,2023,11,1.41
20241210160122,txt,2023,12,1.35
20241210160122,txt,2024,1,1.24
20241210160122,txt,2024,2,1.43
20241210160122,txt,2024,3,1.39
20241210160122,txt,2024,4,1.31
20241210160122,txt,2024,5,1.16
20241210160122,txt,2024,6,1.24
20241210160122,txt,2024,7,1.2
20241210160122,txt,2024,8,1.3
20241210160122,txt,2024,9,1.23
20241210160122,txt,2024,10,1.33
20241210160122,txt,2024,11,1.31
20241231192103,csv,2012,1,0.47
20241231192103,csv,2012,2,0.49
20241231192103,csv,2012,3,0.57
20241231192103,csv,2012,4,0.73
20241231192103,csv,2012,5,0.78
20241231192103,csv,2012,6,0.64
20241231192103,csv,2012,7,0.58
20241231192103,csv,2012,8,0.66
20241231192103,csv,2012,9,0.72
20241231192103,csv,2012,10,0.8
20241231192103,csv,2012,11,0.78
20241231192103,csv,2012,12,0.53
20241231192103,csv,2013,1,0.71
20241231192103,csv,2013,2,0.62
20241231192103,csv,2013,3,0.67
20241231192103,csv,2013,4,0.53
20241231192103,csv,2013,5,0.6
20241231192103,csv,2013,6,0.69
20241231192103,csv,2013,7,0.6
20241231192103,csv,2013,8,0.7
20241231192103,csv,2013,9,0.77
20241231192103,csv,2013,10,0.69
20241231192103,csv,2013,11,0.83
20241231192103,csv,2013,12,0.7
20241231192103,csv,2014,1,0.76
20241231192103,csv,2014,2,0.55
20241231192103,csv,2014,3,0.78
20241231192103,csv,2014,4,0.8
20241231192103,csv,2014,5,0.86
20241231192103,csv,2014,6,0.67
20241231192103,csv,2014,7,0.58
20241231192103,csv,2014,8,0.83
20241231192103,csv,2014,9,0.87
20241231192103,csv,2014,10,0.8
20241231192103,csv,2014,11,0.67
20241231192103,csv,2014,12,0.78
20241231192103,csv,2015,1,0.87
20241231192103,csv,2015,2,0.9
20241231192103,csv,2015,3,0.96
20241231192103,csv,2015,4,0.75
20241231192103,csv,2015,5,0.79
20241231192103,csv,2015,6,0.81
20241231192103,csv,2015,7,0.73
20241231192103,csv,2015,8,0.79
20241231192103,csv,2015,9,0.84
20241231192103,csv,2015,10,1.07
20241231192103,csv,2015,11,1.06
20241231192103,csv,2015,12,1.16
20241231192103,csv,2016,1,1.18
20241231192103,csv,2016,2,1.36
20241231192103,csv,2016,3,1.35
20241231192103,csv,2016,4,1.09
20241231192103,csv,2016,5,0.95
20241231192103,csv,2016,6,0.81
20241231192103,csv,2016,7,0.84
20241231192103,csv,2016,8,1.02
20241231192103,csv,2016,9,0.9
20241231192103,csv,2016,10,0.87
20241231192103,csv,2016,11,0.92
20241231192103,csv,2016,12,0.86
20241231192103,csv,2017,1,1.02
20241231192103,csv,2017,2,1.13
20241231192103,csv,2017,3,1.16
20241231192103,csv,2017,4,0.94
20241231192103,csv,2017,5,0.91
20241231192103,csv,2017,6,0.71
20241231192103,csv,2017,7,0.82
20241231192103,csv,2017,8,0.87
20241231192103,csv,2017,9,0.75
20241231192103,csv,2017,10,0.89
20241231192103,csv,2017,11,0.88
20241231192103,csv,2017,12,0.93
20241231192103,csv,2018,1,0.82
20241231192103,csv,2018,2,0.85
20241231192103,csv,2018,3,0.88
20241231192103,csv,2018,4,0.88
20241231192103,csv,2018,5,0.81
20241231192103,csv,2018,6,0.76
20241231192103,csv,2018,7,0.83
20241231192103,csv,2018,8,0.78
20241231192103,csv,2018,9,0.8
20241231192103,csv,2018,10,1.01
20241231192103,csv,2018,11,0.83
20241231192103,csv,2018,12,0.92
20241231192103,csv,2019,1,0.93
20241231192103,csv,2019,2,0.94
20241231192103,csv,2019,3,1.16
20241231192103,csv,2019,4,1.0
20241231192103,csv,2019,5,0.86
20241231192103,csv,2019,6,0.9
20241231192103,csv,2019,7,0.93
20241231192103,csv,2019,8,0.95
20241231192103,csv,2019,9,0.93
20241231192103,csv,2019,10,0.99
20241231192103,csv,2019,11,0.98
20241231192103,csv,2019,12,1.11
20241231192103,csv,2020,1,1.17
20241231192103,csv,2020,2,1.24
20241231192103,csv,2020,3,1.18
20241231192103,csv,2020,4,1.12
20241231192103,csv,2020,5,0.99
20241231192103,csv,2020,6,0.91
20241231192103,csv,2020,7,0.89
20241231192103,csv,2020,8,0.86
20241231192103,csv,2020,9,0.96
20241231192103,csv,2020,10,0.87
20241231192103,csv,2020,11,1.09
20241231192103,csv,2020,12,0.79
20241231192103,csv,2021,1,0.81
20241231192103,csv,2021,2,0.64
20241231192103,csv,2021,3,0.89
20241231192103,csv,2021,4,0.75
20241231192103,csv,2021,5,0.79
20241231192103,csv,2021,6,0.84
20241231192103,csv,2021,7,0.91
20241231192103,csv,2021,8,0.81
20241231192103,csv,2021,9,0.92
20241231192103,csv,2021,10,0.98
20241231192103,csv,2021,11,0.92
20241231192103,csv,2021,12,0.87
20241231192103,csv,2022,1,0.91
20241231192103,csv,2022,2,0.89
20241231192103,csv,2022,3,1.04
20241231192103,csv,2022,4,0.83
20241231192103,csv,2022,5,0.84
20241231192103,csv,2022,6,0.92
20241231192103,csv,2022,7,0.94
20241231192103,csv,2022,8,0.94
20241231192103,csv,2022,9,0.88
20241231192103,csv,2022,10,0.96
20241231192103,csv,2022,11,0.73
20241231192103,csv,2022,12,0.8
20241231192103,csv,2023,1,0.88
20241231192103,csv,2023,2,0.97
20241231192103,csv,2023,3,1.23
20241231192103,csv,2023,4,0.99
20241231192103,csv,2023,5,0.94
20241231192103,csv,2023,6,1.08
20241231192103,csv,2023,7,1.19
20241231192103,csv,2023,8,1.19
20241231192103,csv,2023,9,1.48
20241231192103,csv,2023,10,1.34
20241231192103,csv,2023,11,1.41
20241231192103,csv,2023,12,1.35
20241231192103,csv,2024,1,1.24
20241231192103,csv,2024,2,1.43
20241231192103,csv,2024,3,1.39
20241231192103,csv,2024,4,1.31
20241231192103,csv,2024,5,1.16
20241231192103,csv,2024,6,1.24
20241231192103,csv,2024,7,1.2
20241231192103,csv,2024,8,1.3
20241231192103,csv,2024,9,1.23
20241231192103,csv,2024,10,1.33
20241231192103,csv,2024,11,1.31
20250110185418,txt,2012,1,0.47
20250110185418,txt,2012,2,0.49
20250110185418,txt,2012,3,0.57
20250110185418,txt,2012,4,0.73
20250110185418,txt,2012,5,0.78
20250110185418,txt,2012,6,0.64
20250110185418,txt,2012,7,0.59
20250110185418,txt,2012,8,0.66
20250110185418,txt,2012,9,0.72
20250110185418,txt,2012,10,0.8
20250110185418,txt,2012,11,0.78
20250110185418,txt,2012,12,0.53
20250110185418,txt,2013,1,0.71
20250110185418,txt,2013,2,0.62
20250110185418,txt,2013,3,0.67
20250110185418,txt,2013,4,0.53
20250110185418,txt,2013,5,0.6
20250110185418,txt,2013,6,0.69
20250110185418,txt,2013,7,0.6
20250110185418,txt,2013,8,0.7
20250110185418,txt,2013,9,0.77
20250110185418,txt,2013,10,0.7
20250110185418,txt,2013,11,0.83
20250110185418,txt,2013,12,0.7
20250110185418,txt,2014,1,0.77
20250110185418,txt,2014,2,0.55
20250110185418,txt,2014,3,0.78
20250110185418,txt,2014,4,0.81
20250110185418,txt,2014,5,0.86
20250110185418,txt,2014,6,0.67
20250110185418,txt,2014,7,0.58
20250110185418,txt,2014,8,0.83
20250110185418,txt,2014,9,0.88
20250110185418,txt,2014,10,0.8
20250110185418,txt,2014,11,0.67
20250110185418,txt,2014,12,0.78
20250110185418,txt,2015,1,0.87
20250110185418,txt,2015,2,0.9
20250110185418,txt,2015,3,0.96
20250110185418,txt,2015,4,0.75
20250110185418,txt,2015,5,0.8
20250110185418,txt,2015,6,0.81
20250110185418,txt,2015,7,0.73
20250110185418,txt,2015,8,0.79
20250110185418,txt,2015,9,0.84
20250110185418,txt,2015,10,1.07
20250110185418,txt,2015,11,1.06
20250110185418,txt,2015,12,1.17
20250110185418,txt,2016,1,1.18
20250110185418,txt,2016,2,1.37
20250110185418,txt,2016,3,1.35
20250110185418,txt,2016,4,1.09
20250110185418,txt,2016,5,0.96
20250110185418,txt,2016,6,0.81
20250110185418,txt,2016,7,0.84
20250110185418,txt,2016,8,1.02
20250110185418,txt,2016,9,0.9
20250110185418,txt,2016,10,0.87
20250110185418,txt,2016,11,0.92
20250110185418,txt,2016,12,0.86
20250110185418,txt,2017,1,1.02
20250110185418,txt,2017,2,1.13
20250110185418,txt,2017,3,1.17
20250110185418,txt,2017,4,0.94
20250110185418,txt,2017,5,0.91
20250110185418,txt,2017,6,0.71
20250110185418,txt,2017,7,0.81
20250110185418,txt,2017,8,0.87
20250110185418,txt,2017,9,0.75
20250110185418,txt,2017,10,0.89
20250110185418,txt,2017,11,0.88
20250110185418,txt,2017,12,0.93
20250110185418,txt,2018,1,0.82
20250110185418,txt,2018,2,0.85
20250110185418,txt,2018,3,0.88
20250110185418,txt,2018,4,0.88
20250110185418,txt,2018,5,0.82
20250110185418,txt,2018,6,0.76
20250110185418,txt,2018,7,0.83
20250110185418,txt,2018,8,0.78
20250110185418,txt,2018,9,0.8
20250110185418,txt,2018,10,1.01
20250110185418,txt,2018,11,0.83
20250110185418,txt,2018,12,0.92
20250110185418,txt,2019,1,0.93
20250110185418,txt,2019,2,0.95
20250110185418,txt,2019,3,1.17
20250110185418,txt,2019,4,1.01
20250110185418,txt,2019,5,0.86
20250110185418,txt,2019,6,0.9
20250110185418,txt,2019,7,0.94
20250110185418,txt,2019,8,0.95
20250110185418,txt,2019,9,0.93
20250110185418,txt,2019,10,0.99
20250110185418,txt,2019,11,0.98
20250110185418,txt,2019,12,1.11
20250110185418,txt,2020,1,1.18
20250110185418,txt,2020,2,1.24
20250110185418,txt,2020,3,1.18
20250110185418,txt,2020,4,1.12
20250110185418,txt,2020,5,1.0
20250110185418,txt,2020,6,0.91
20250110185418,txt,2020,7,0.89
20250110185418,txt,2020,8,0.86
20250110185418,txt,2020,9,0.96
20250110185418,txt,2020,10,0.87
20250110185418,txt,2020,11,1.09
20250110185418,txt,2020,12,0.79
20250110185418,txt,2021,1,0.81
20250110185418,txt,2021,2,0.64
20250110185418,txt,2021,3,0.89
20250110185418,txt,2021,4,0.76
20250110185418,txt,2021,5,0.79
20250110185418,txt,2021,6,0.84
20250110185418,txt,2021,7,0.92
20250110185418,txt,2021,8,0.81
20250110185418,txt,2021,9,0.92
20250110185418,txt,2021,10,0.98
20250110185418,txt,2021,11,0.92
20250110185418,txt,2021,12,0.87
20250110185418,txt,2022,1,0.91
20250110185418,txt,2022,2,0.89
20250110185418,txt,2022,3,1.04
20250110185418,txt,2022,4,0.83
20250110185418,txt,2022,5,0.84
20250110185418,txt,2022,6,0.92
20250110185418,txt,2022,7,0.94
20250110185418,txt,2022,8,0.95
20250110185418,txt,2022,9,0.89
20250110185418,txt,2022,10,0.97
20250110185418,txt,2022,11,0.73
20250110185418,txt,2022,12,0.8
20250110185418,txt,2023,1,0.88
20250110185418,txt,2023,2,0.97
20250110185418,txt,2023,3,1.23
20250110185418,txt,2023,4,0.99
20250110185418,txt,2023,5,0.94
20250110185418,txt,2023,6,1.08
20250110185418,txt,2023,7,1.19
20250110185418,txt,2023,8,1.19
20250110185418,txt,2023,9,1.48
20250110185418,txt,2023,10,1.34
20250110185418,txt,2023,11,1.42
20250110185418,txt,2023,12,1.35
20250110185418,txt,2024,1,1.24
20250110185418,txt,2024,2,1.44
20250110185418,txt,2024,3,1.39
20250110185418,txt,2024,4,1.31
20250110185418,txt,2024,5,1.16
20250110185418,txt,2024,6,1.24
20250110185418,txt,2024,7,1.2
20250110185418,txt,2024,8,1.3
20250110185418,txt,2024,9,1.23
20250110185418,txt,2024,10,1.33
20250110185418,txt,2024,11,1.29
20250110185418,txt,2024,12,1.26
20250114103625,csv,2012,1,0.47
20250114103625,csv,2012,2,0.49
20250114103625,csv,2012,3,0.57
20250114103625,csv,2012,4,0.73
20250114103625,csv,2012,5,0.78
20250114103625,csv,2012,6,0.64
20250114103625,csv,2012,7,0.59
20250114103625,csv,2012,8,0.66
20250114103625,csv,2012,9,0.72
20250114103625,csv,2012,10,0.8
20250114103625,csv,2012,11,0.78
20250114103625,csv,2012,12,0.53
20250114103625,csv,2013,1,0.71
20250114103625,csv,2013,2,0.62
20250114103625,csv,2013,3,0.67
20250114103625,csv,2013,4,0.53
20250114103625,csv,2013,5,0.6
20250114103625,csv,2013,6,0.69
20250114103625,csv,2013,7,0.6
20250114103625,csv,2013,8,0.7
20250114103625,csv,2013,9,0.77
20250114103625,csv,2013,10,0.7
20250114103625,csv,2013,11,0.83
20250114103625,csv,2013,12,0.7
20250114103625,csv,2014,1,0.77
20250114103625,csv,2014,2,0.55
20250114103625,csv,2014,3,0.78
20250114103625,csv,2014,4,0.81
20250114103625,csv,2014,5,0.86
20250114103625,csv,2014,6,0.67
20250114103625,csv,2014,7,0.58
20250114103625,csv,2014,8,0.83
20250114103625,csv,2014,9,0.88
20250114103625,csv,2014,10,0.8
20250114103625,csv,2014,11,0.67
20250114103625,csv,2014,12,0.78
20250114103625,csv,2015,1,0.87
20250114103625,csv,2015,2,0.9
20250114103625,csv,2015,3,0.96
20250114103625,csv,2015,4,0.75
20250114103625,csv,2015,5,0.8
20250114103625,csv,2015,6,0.81
20250114103625,csv,2015,7,0.73
20250114103625,csv,2015,8,0.79
20250114103625,csv,2015,9,0.84
20250114103625,csv,2015,10,1.07
20250114103625,csv,2015,11,1.06
20250114103625,csv,2015,12,1.17
20250114103625,csv,2016,1,1.18
20250114103625,csv,2016,2,1.37
20250114103625,csv,2016,3,1.35
20250114103625,csv,2016,4,1.09
20250114103625,csv,2016,5,0.96
20250114103625,csv,2016,6,0.81
20250114103625,csv,2016,7,0.84
20250114103625,csv,2016,8,1.02
20250114103625,csv,2016,9,0.9
20250114103625,csv,2016,10,0.87
20250114103625,csv,2016,11,0.92
20250114103625,csv,2016,12,0.86
20250114103625,csv,2017,1,1.02
20250114103625,csv,2017,2,1.13
20250114103625,csv,2017,3,1.17
20250114103625,csv,2017,4,0.94
20250114103625,csv,2017,5,0.91
20250114103625,csv,2017,6,0.71
20250114103625,csv,2017,7,0.81
20250114103625,csv,2017,8,0.87
20250114103625,csv,2017,9,0.75
20250114103625,csv,2017,10,0.89
20250114103625,csv,2017,11,0.88
20250114103625,csv,2017,12,0.93
20250114103625,csv,2018,1,0.82
20250114103625,csv,2018,2,0.85
20250114103625,csv,2018,3,0.88
20250114103625,csv,2018,4,0.88
20250114103625,csv,2018,5,0.82
20250114103625,csv,2018,6,0.76
20250114103625,csv,2018,7,0.83
20250114103625,csv,2018,8,0.78
20250114103625,csv,2018,9,0.8
20250114103625,csv,2018,10,1.01
20250114103625,csv,2018,11,0.83
20250114103625,csv,2018,12,0.92
20250114103625,csv,2019,1,0.93
20250114103625,csv,2019,2,0.95
20250114103625,csv,2019,3,1.17
20250114103625,csv,2019,4,1.01
20250114103625,csv,2019,5,0.86
20250114103625,csv,2019,6,0.9
20250114103625,csv,2019,7,0.94
20250114103625,csv,2019,8,0.95
20250114103625,csv,2019,9,0.93
20250114103625,csv,2019,10,0.99
20250114103625,csv,2019,11,0.98
20250114103625,csv,2019,12,1.11
20250114103625,csv,2020,1,1.18
20250114103625,csv,2020,2,1.24
20250114103625,csv,2020,3,1.18
20250114103625,csv,2020,4,1.12
20250114103625,csv,2020,5,1.0
20250114103625,csv,2020,6,0.91
20250114103625,csv,2020,7,0.89
20250114103625,csv,2020,8,0.86
20250114103625,csv,2020,9,0.96
20250114103625,csv,2020,10,0.87
20250114103625,csv,2020,11,1.09
20250114103625,csv,2020,12,0.79
20250114103625,csv,2021,1,0.81
20250114103625,csv,2021,2,0.64
20250114103625,csv,2021,3,0.89
20250114103625,csv,2021,4,0.76
20250114103625,csv,2021,5,0.79
20250114103625,csv,2021,6,0.84
20250114103625,csv,2021,7,0.92
20250114103625,csv,2021,8,0.81
20250114103625,csv,2021,9,0.92
20250114103625,csv,2021,10,0.98
20250114103625,csv,2021,11,0.92
20250114103625,csv,2021,12,0.87
20250114103625,csv,2022,1,0.91
20250114103625,csv,2022,2,0.89
20250114103625,csv,2022,3,1.04
20250114103625,csv,2022,4,0.83
20250114103625,csv,2022,5,0.84
20250114103625,csv,2022,6,0.92
20250114103625,csv,2022,7,0.94
20250114103625,csv,2022,8,0.95
20250114103625,csv,2022,9,0.89
20250114103625,csv,2022,10,0.97
20250114103625,csv,2022,11,0.73
20250114103625,csv,2022,12,0.8
20250114103625,csv,2023,1,0.88
20250114103625,csv,2023,2,0.97
20250114103625,csv,2023,3,1.23
20250114103625,csv,2023,4,0.99
20250114103625,csv,2023,5,0.94
20250114103625,csv,2023,6,1.08
20250114103625,csv,2023,7,1.19
20250114103625,csv,2023,8,1.19
20250114103625,csv,2023,9,1.48
20250114103625,csv,2023,10,1.34
20250114103625,csv,2023,11,1.42
20250114103625,csv,2023,12,1.35
20250114103625,csv,2024,1,1.24
20250114103625,csv,2024,2,1.44
20250114103625,csv,2024,3,1.39
20250114103625,csv,2024,4,1.31
20250114103625,csv,2024,5,1.16
20250114103625,csv,2024,6,1.24
20250114103625,csv,2024,7,1.2
20250114103625,csv,2024,8,1.3
20250114103625,csv,2024,9,1.23
20250114103625,csv,2024,10,1.33
20250114103625,csv,2024,11,1.29
20250114103625,csv,2024,12,1.26
20250216130626,txt,2012,1,0.47
20250216130626,txt,2012,2,0.49
20250216130626,txt,2012,3,0.56
20250216130626,txt,2012,4,0.72
20250216130626,txt,2012,5,0.78
20250216130626,txt,2012,6,0.64
20250216130626,txt,2012,7,0.58
20250216130626,txt,2012,8,0.66
20250216130626,txt,2012,9,0.72
20250216130626,txt,2012,10,0.8
20250216130626,txt,2012,11,0.78
20250216130626,txt,2012,12,0.52
20250216130626,txt,2013,1,0.71
20250216130626,txt,2013,2,0.62
20250216130626,txt,2013,3,0.67
20250216130626,txt,2013,4,0.53
20250216130626,txt,2013,5,0.6
20250216130626,txt,2013,6,0.69
20250216130626,txt,2013,7,0.6
20250216130626,txt,2013,8,0.7
20250216130626,txt,2013,9,0.77
20250216130626,txt,2013,10,0.69
20250216130626,txt,2013,11,0.83
20250216130626,txt,2013,12,0.7
20250216130626,txt,2014,1,0.76
20250216130626,txt,2014,2,0.55
20250216130626,txt,2014,3,0.78
20250216130626,txt,2014,4,0.8
20250216130626,txt,2014,5,0.86
20250216130626,txt,2014,6,0.67
20250216130626,txt,2014,7,0.58
20250216130626,txt,2014,8,0.83
20250216130626,txt,2014,9,0.87
20250216130626,txt,2014,10,0.8
20250216130626,txt,2014,11,0.67
20250216130626,txt,2014,12,0.78
20250216130626,txt,2015,1,0.86
20250216130626,txt,2015,2,0.9
20250216130626,txt,2015,3,0.96
20250216130626,txt,2015,4,0.75
20250216130626,txt,2015,5,0.8
20250216130626,txt,2015,6,0.81
20250216130626,txt,2015,7,0.73
20250216130626,txt,2015,8,0.79
20250216130626,txt,2015,9,0.84
20250216130626,txt,2015,10,1.07
20250216130626,txt,2015,11,1.06
20250216130626,txt,2015,12,1.17
20250216130626,txt,2016,1,1.18
20250216130626,txt,2016,2,1.36
20250216130626,txt,2016,3,1.35
20250216130626,txt,2016,4,1.09
20250216130626,txt,2016,5,0.95
20250216130626,txt,2016,6,0.8
20250216130626,txt,2016,7,0.84
20250216130626,txt,2016,8,1.01
20250216130626,txt,2016,9,0.9
20250216130626,txt,2016,10,0.87
20250216130626,txt,2016,11,0.92
20250216130626,txt,2016,12,0.86
20250216130626,txt,2017,1,1.02
20250216130626,txt,2017,2,1.13
20250216130626,txt,2017,3,1.16
20250216130626,txt,2017,4,0.94
20250216130626,txt,2017,5,0.91
20250216130626,txt,2017,6,0.71
20250216130626,txt,2017,7,0.81
20250216130626,txt,2017,8,0.87
20250216130626,txt,2017,9,0.75
20250216130626,txt,2017,10,0.89
20250216130626,txt,2017,11,0.88
20250216130626,txt,2017,12,0.93
20250216130626,txt,2018,1,0.82
20250216130626,txt,2018,2,0.84
20250216130626,txt,2018,3,0.88
20250216130626,txt,2018,4,0.88
20250216130626,txt,2018,5,0.81
20250216130626,txt,2018,6,0.76
20250216130626,txt,2018,7,0.83
20250216130626,txt,2018,8,0.78
20250216130626,txt,2018,9,0.8
20250216130626,txt,2018,10,1.01
20250216130626,txt,2018,11,0.83
20250216130626,txt,2018,12,0.92
20250216130626,txt,2019,1,0.93
20250216130626,txt,2019,2,0.94
20250216130626,txt,2019,3,1.16
20250216130626,txt,2019,4,1.0
20250216130626,txt,2019,5,0.86
20250216130626,txt,2019,6,0.9
20250216130626,txt,2019,7,0.93
20250216130626,txt,2019,8,0.95
20250216130626,txt,2019,9,0.93
20250216130626,txt,2019,10,0.99
20250216130626,txt,2019,11,0.98
20250216130626,txt,2019,12,1.11
20250216130626,txt,2020,1,1.17
20250216130626,txt,2020,2,1.24
20250216130626,txt,2020,3,1.18
20250216130626,txt,2020,4,1.12
20250216130626,txt,2020,5,1.0
20250216130626,txt,2020,6,0.91
20250216130626,txt,2020,7,0.89
20250216130626,txt,2020,8,0.86
20250216130626,txt,2020,9,0.96
20250216130626,txt,2020,10,0.87
20250216130626,txt,2020,11,1.09
20250216130626,txt,2020,12,0.79
20250216130626,txt,2021,1,0.81
20250216130626,txt,2021,2,0.64
20250216130626,txt,2021,3,0.89
20250216130626,txt,2021,4,0.75
20250216130626,txt,2021,5,0.79
20250216130626,txt,2021,6,0.84
20250216130626,txt,2021,7,0.91
20250216130626,txt,2021,8,0.81
20250216130626,txt,2021,9,0.92
20250216130626,txt,2021,10,0.98
20250216130626,txt,2021,11,0.92
20250216130626,txt,2021,12,0.87
20250216130626,txt,2022,1,0.91
20250216130626,txt,2022,2,0.89
20250216130626,txt,2022,3,1.04
20250216130626,txt,2022,4,0.83
20250216130626,txt,2022,5,0.84
20250216130626,txt,2022,6,0.92
20250216130626,txt,2022,7,0.94
20250216130626,txt,2022,8,0.94
20250216130626,txt,2022,9,0.88
20250216130626,txt,2022,10,0.96
20250216130626,txt,2022,11,0.73
20250216130626,txt,2022,12,0.8
20250216130626,txt,2023,1,0.87
20250216130626,txt,2023,2,0.97
20250216130626,txt,2023,3,1.23
20250216130626,txt,2023,4,0.99
20250216130626,txt,2023,5,0.94
20250216130626,txt,2023,6,1.08
20250216130626,txt,2023,7,1.19
20250216130626,txt,2023,8,1.19
20250216130626,txt,2023,9,1.48
20250216130626,txt,2023,10,1.34
20250216130626,txt,2023,11,1.41
20250216130626,txt,2023,12,1.36
20250216130626,txt,2024,1,1.24
20250216130626,txt,2024,2,1.43
20250216130626,txt,2024,3,1.39
20250216130626,txt,2024,4,1.31
20250216130626,txt,2024,5,1.16
20250216130626,txt,2024,6,1.24
20250216130626,txt,2024,7,1.2
20250216130626,txt,2024,8,1.3
20250216130626,txt,2024,9,1.23
20250216130626,txt,2024,10,1.33
20250216130626,txt,2024,11,1.29
20250216130626,txt,2024,12,1.26
20250216130626,txt,2025,1,1.36
20250223113939,csv,2012,1,0.47
20250223113939,csv,2012,2,0.49
20250223113939,csv,2012,3,0.56
20250223113939,csv,2012,4,0.72
20250223113939,csv,2012,5,0.78
20250223113939,csv,2012,6,0.64
20250223113939,csv,2012,7,0.58
20250223113939,csv,2012,8,0.66
20250223113939,csv,2012,9,0.72
20250223113939,csv,2012,10,0.8
20250223113939,csv,2012,11,0.78
20250223113939,csv,2012,12,0.52
20250223113939,csv,2013,1,0.71
20250223113939,csv,2013,2,0.62
20250223113939,csv,2013,3,0.67
20250223113939,csv,2013,4,0.53
20250223113939,csv,2013,5,0.6
20250223113939,csv,2013,6,0.69
20250223113939,csv,2013,7,0.6
20250223113939,csv,2013,8,0.7
20250223113939,csv,2013,9,0.77
20250223113939,csv,2013,10,0.69
20250223113939,csv,2013,11,0.83
20250223113939,csv,2013,12,0.7
20250223113939,csv,2014,1,0.76
20250223113939,csv,2014,2,0.55
20250223113939,csv,2014,3,0.78
20250223113939,csv,2014,4,0.8
20250223113939,csv,2014,5,0.86
20250223113939,csv,2014,6,0.67
20250223113939,csv,2014,7,0.58
20250223113939,csv,2014,8,0.83
20250223113939,csv,2014,9,0.87
20250223113939,csv,2014,10,0.8
20250223113939,csv,2014,11,0.67
20250223113939,csv,2014,12,0.78
20250223113939,csv,2015,1,0.86
20250223113939,csv,2015,2,0.9
20250223113939,csv,2015,3,0.96
20250223113939,csv,2015,4,0.75
20250223113939,csv,2015,5,0.8
20250223113939,csv,2015,6,0.81
20250223113939,csv,2015,7,0.73
20250223113939,csv,2015,8,0.79
20250223113939,csv,2015,9,0.84
20250223113939,csv,2015,10,1.07
20250223113939,csv,2015,11,1.06
20250223113939,csv,2015,12,1.17
20250223113939,csv,2016,1,1.18
20250223113939,csv,2016,2,1.36
20250223113939,csv,2016,3,1.35
20250223113939,csv,2016,4,1.09
20250223113939,csv,2016,5,0.95
20250223113939,csv,2016,6,0.8
20250223113939,csv,2016,7,0.84
20250223113939,csv,2016,8,1.01
20250223113939,csv,2016,9,0.9
20250223113939,csv,2016,10,0.87
20250223113939,csv,2016,11,0.92
20250223113939,csv,2016,12,0.86
20250223113939,csv,2017,1,1.02
20250223113939,csv,2017,2,1.13
20250223113939,csv,2017,3,1.16
20250223113939,csv,2017,4,0.94
20250223113939,csv,2017,5,0.91
20250223113939,csv,2017,6,0.71
20250223113939,csv,2017,7,0.81
20250223113939,csv,2017,8,0.87
20250223113939,csv,2017,9,0.75
20250223113939,csv,2017,10,0.89
20250223113939,csv,2017,11,0.88
20250223113939,csv,2017,12,0.93
20250223113939,csv,2018,1,0.82
20250223113939,csv,2018,2,0.84
20250223113939,csv,2018,3,0.88
20250223113939,csv,2018,4,0.88
20250223113939,csv,2018,5,0.81
20250223113939,csv,2018,6,0.76
20250223113939,csv,2018,7,0.83
20250223113939,csv,2018,8,0.78
20250223113939,csv,2018,9,0.8
20250223113939,csv,2018,10,1.01
20250223113939,csv,2018,11,0.83
20250223113939,csv,2018,12,0.92
20250223113939,csv,2019,1,0.93
20250223113939,csv,2019,2,0.94
20250223113939,csv,2019,3,1.16
20250223113939,csv,2019,4,1.0
20250223113939,csv,2019,5,0.86
20250223113939,csv,2019,6,0.9
20250223113939,csv,2019,7,0.93
20250223113939,csv,2019,8,0.95
20250223113939,csv,2019,9,0.93
20250223113939,csv,2019,10,0.99
20250223113939,csv,2019,11,0.98
20250223113939,csv,2019,12,1.11
20250223113939,csv,2020,1,1.17
20250223113939,csv,2020,2,1.24
20250223113939,csv,2020,3,1.18
20250223113939,csv,2020,4,1.12
20250223113939,csv,2020,5,1.0
20250223113939,csv,2020,6,0.91
20250223113939,csv,2020,7,0.89
20250223113939,csv,2020,8,0.86
20250223113939,csv,2020,9,0.96
20250223113939,csv,2020,10,0.87
20250223113939,csv,2020,11,1.09
20250223113939,csv,2020,12,0.79
20250223113939,csv,2021,1,0.81
20250223113939,csv,2021,2,0.64
20250223113939,csv,2021,3,0.89
20250223113939,csv,2021,4,0.75
20250223113939,csv,2021,5,0.79
20250223113939,csv,2021,6,0.84
20250223113939,csv,2021,7,0.91
20250223113939,csv,2021,8,0.81
20250223113939,csv,2021,9,0.92
20250223113939,csv,2021,10,0.98
20250223113939,csv,2021,11,0.92
20250223113939,csv,2021,12,0.87
20250223113939,csv,2022,1,0.91
20250223113939,csv,2022,2,0.89
20250223113939,csv,2022,3,1.04
20250223113939,csv,2022,4,0.83
20250223113939,csv,2022,5,0.84
20250223113939,csv,2022,6,0.92
20250223113939,csv,2022,7,0.94
20250223113939,csv,2022,8,0.94
20250223113939,csv,2022,9,0.88
20250223113939,csv,2022,10,0.96
20250223113939,csv,2022,11,0.73
20250223113939,csv,2022,12,0.8
20250223113939,csv,2023,1,0.87
20250223113939,csv,2023,2,0.97
20250223113939,csv,2023,3,1.23
20250223113939,csv,2023,4,0.99
20250223113939,csv,2023,5,0.94
20250223113939,csv,2023,6,1.08
20250223113939,csv,2023,7,1.19
20250223113939,csv,2023,8,1.19
20250223113939,csv,2023,9,1.48
20250223113939,csv,2023,10,1.34
20250223113939,csv,2023,11,1.41
20250223113939,csv,2023,12,1.36
20250223113939,csv,2024,1,1.24
20250223113939,csv,2024,2,1.43
20250223113939,csv,2024,3,1.39
20250223113939,csv,2024,4,1.31
20250223113939,csv,2024,5,1.16
20250223113939,csv,2024,6,1.24
20250223113939,csv,2024,7,1.2
20250223113939,csv,2024,8,1.3
20250223113939,csv,2024,9,1.23
20250223113939,csv,2024,10,1.33
20250223113939,csv,2024,11,1.29
20250223113939,csv,2024,12,1.26
20250223113939,csv,2025,1,1.36
20250313055949,csv,2012,1,0.47
20250313055949,csv,2012,2,0.48
20250313055949,csv,2012,3,0.57
20250313055949,csv,2012,4,0.73
20250313055949,csv,2012,5,0.78
20250313055949,csv,2012,6,0.64
20250313055949,csv,2012,7,0.59
20250313055949,csv,2012,8,0.66
20250313055949,csv,2012,9,0.72
20250313055949,csv,2012,10,0.8
20250313055949,csv,2012,11,0.78
20250313055949,csv,2012,12,0.53
20250313055949,csv,2013,1,0.71
20250313055949,csv,2013,2,0.62
20250313055949,csv,2013,3,0.67
20250313055949,csv,2013,4,0.53
20250313055949,csv,2013,5,0.6
20250313055949,csv,2013,6,0.69
20250313055949,csv,2013,7,0.6
20250313055949,csv,2013,8,0.7
20250313055949,csv,2013,9,0.77
20250313055949,csv,2013,10,0.7
20250313055949,csv,2013,11,0.83
20250313055949,csv,2013,12,0.7
20250313055949,csv,2014,1,0.77
20250313055949,csv,2014,2,0.55
20250313055949,csv,2014,3,0.78
20250313055949,csv,2014,4,0.81
20250313055949,csv,2014,5,0.86
20250313055949,csv,2014,6,0.67
20250313055949,csv,2014,7,0.58
20250313055949,csv,2014,8,0.83
20250313055949,csv,2014,9,0.88
20250313055949,csv,2014,10,0.8
20250313055949,csv,2014,11,0.67
20250313055949,csv,2014,12,0.78
20250313055949,csv,2015,1,0.87
20250313055949,csv,2015,2,0.91
20250313055949,csv,2015,3,0.96
20250313055949,csv,2015,4,0.75
20250313055949,csv,2015,5,0.8
20250313055949,csv,2015,6,0.81
20250313055949,csv,2015,7,0.73
20250313055949,csv,2015,8,0.79
20250313055949,csv,2015,9,0.84
20250313055949,csv,2015,10,1.07
20250313055949,csv,2015,11,1.06
20250313055949,csv,2015,12,1.17
20250313055949,csv,2016,1,1.18
20250313055949,csv,2016,2,1.36
20250313055949,csv,2016,3,1.35
20250313055949,csv,2016,4,1.09
20250313055949,csv,2016,5,0.96
20250313055949,csv,2016,6,0.81
20250313055949,csv,2016,7,0.84
20250313055949,csv,2016,8,1.02
20250313055949,csv,2016,9,0.9
20250313055949,csv,2016,10,0.87
20250313055949,csv,2016,11,0.92
20250313055949,csv,2016,12,0.86
20250313055949,csv,2017,1,1.02
20250313055949,csv,2017,2,1.14
20250313055949,csv,2017,3,1.17
20250313055949,csv,2017,4,0.94
20250313055949,csv,2017,5,0.92
20250313055949,csv,2017,6,0.71
20250313055949,csv,2017,7,0.82
20250313055949,csv,2017,8,0.87
20250313055949,csv,2017,9,0.75
20250313055949,csv,2017,10,0.89
20250313055949,csv,2017,11,0.88
20250313055949,csv,2017,12,0.93
20250313055949,csv,2018,1,0.82
20250313055949,csv,2018,2,0.85
20250313055949,csv,2018,3,0.88
20250313055949,csv,2018,4,0.89
20250313055949,csv,2018,5,0.82
20250313055949,csv,2018,6,0.77
20250313055949,csv,2018,7,0.83
20250313055949,csv,2018,8,0.78
20250313055949,csv,2018,9,0.81
20250313055949,csv,2018,10,1.02
20250313055949,csv,2018,11,0.84
20250313055949,csv,2018,12,0.93
20250313055949,csv,2019,1,0.93
20250313055949,csv,2019,2,0.95
20250313055949,csv,2019,3,1.17
20250313055949,csv,2019,4,1.01
20250313055949,csv,2019,5,0.87
20250313055949,csv,2019,6,0.9
20250313055949,csv,2019,7,0.94
20250313055949,csv,2019,8,0.95
20250313055949,csv,2019,9,0.93
20250313055949,csv,2019,10,0.99
20250313055949,csv,2019,11,0.99
20250313055949,csv,2019,12,1.12
20250313055949,csv,2020,1,1.18
20250313055949,csv,2020,2,1.24
20250313055949,csv,2020,3,1.18
20250313055949,csv,2020,4,1.12
20250313055949,csv,2020,5,1.0
20250313055949,csv,2020,6,0.91
20250313055949,csv,2020,7,0.89
20250313055949,csv,2020,8,0.86
20250313055949,csv,2020,9,0.97
20250313055949,csv,2020,10,0.87
20250313055949,csv,2020,11,1.09
20250313055949,csv,2020,12,0.8
20250313055949,csv,2021,1,0.81
20250313055949,csv,2021,2,0.64
20250313055949,csv,2021,3,0.89
20250313055949,csv,2021,4,0.76
20250313055949,csv,2021,5,0.79
20250313055949,csv,2021,6,0.85
20250313055949,csv,2021,7,0.92
20250313055949,csv,2021,8,0.81
20250313055949,csv,2021,9,0.92
20250313055949,csv,2021,10,0.99
20250313055949,csv,2021,11,0.92
20250313055949,csv,2021,12,0.87
20250313055949,csv,2022,1,0.91
20250313055949,csv,2022,2,0.89
20250313055949,csv,2022,3,1.05
20250313055949,csv,2022,4,0.83
20250313055949,csv,2022,5,0.84
20250313055949,csv,2022,6,0.93
20250313055949,csv,2022,7,0.94
20250313055949,csv,2022,8,0.95
20250313055949,csv,2022,9,0.89
20250313055949,csv,2022,10,0.97
20250313055949,csv,2022,11,0.73
20250313055949,csv,2022,12,0.8
20250313055949,csv,2023,1,0.88
20250313055949,csv,2023,2,0.97
20250313055949,csv,2023,3,1.23
20250313055949,csv,2023,4,0.99
20250313055949,csv,2023,5,0.94
20250313055949,csv,2023,6,1.08
20250313055949,csv,2023,7,1.19
20250313055949,csv,2023,8,1.19
20250313055949,csv,2023,9,1.48
20250313055949,csv,2023,10,1.34
20250313055949,csv,2023,11,1.42
20250313055949,csv,2023,12,1.37
20250313055949,csv,2024,1,1.26
20250313055949,csv,2024,2,1.43
20250313055949,csv,2024,3,1.39
20250313055949,csv,2024,4,1.32
20250313055949,csv,2024,5,1.16
20250313055949,csv,2024,6,1.24
20250313055949,csv,2024,7,1.2
20250313055949,csv,2024,8,1.3
20250313055949,csv,2024,9,1.23
20250313055949,csv,2024,10,1.34
20250313055949,csv,2024,11,1.29
20250313055949,csv,2024,12,1.26
20250313055949,csv,2025,1,1.36
20250313055949,csv,2025,2,1.26
20250331192000,txt,2012,1,0.47
20250331192000,txt,2012,2,0.48
20250331192000,txt,2012,3,0.57
20250331192000,txt,2012,4,0.73
20250331192000,txt,2012,5,0.78
20250331192000,txt,2012,6,0.64
20250331192000,txt,2012,7,0.59
20250331192000,txt,2012,8,0.66
20250331192000,txt,2012,9,0.72
20250331192000,txt,2012,10,0.8
20250331192000,txt,2012,11,0.78
20250331192000,txt,2012,12,0.53
20250331192000,txt,2013,1,0.71
20250331192000,txt,2013,2,0.62
20250331192000,txt,2013,3,0.67
20250331192000,txt,2013,4,0.53
20250331192000,txt,2013,5,0.6
20250331192000,txt,2013,6,0.69
20250331192000,txt,2013,7,0.6
20250331192000,txt,2013,8,0.7
20250331192000,txt,2013,9,0.77
20250331192000,txt,2013,10,0.7
20250331192000,txt,2013,11,0.83
20250331192000,txt,2013,12,0.7
20250331192000,txt,2014,1,0.77
20250331192000,txt,2014,2,0.55
20250331192000,txt,2014,3,0.78
20250331192000,txt,2014,4,0.81
20250331192000,txt,2014,5,0.86
20250331192000,txt,2014,6,0.67
20250331192000,txt,2014,7,0.58
20250331192000,txt,2014,8,0.83
20250331192000,txt,2014,9,0.88
20250331192000,txt,2014,10,0.8
20250331192000,txt,2014,11,0.67
20250331192000,txt,2014,12,0.78
20250331192000,txt,2015,1,0.87
20250331192000,txt,2015,2,0.91
20250331192000,txt,2015,3,0.96
20250331192000,txt,2015,4,0.75
20250331192000,txt,2015,5,0.8
20250331192000,txt,2015,6,0.81
20250331192000,txt,2015,7,0.73
20250331192000,txt,2015,8,0.79
20250331192000,txt,2015,9,0.84
20250331192000,txt,2015,10,1.07
20250331192000,txt,2015,11,1.06
20250331192000,txt,2015,12,1.17
20250331192000,txt,2016,1,1.18
20250331192000,txt,2016,2,1.36
20250331192000,txt,2016,3,1.35
20250331192000,txt,2016,4,1.09
20250331192000,txt,2016,5,0.96
20250331192000,txt,2016,6,0.81
20250331192000,txt,2016,7,0.84
20250331192000,txt,2016,8,1.02
20250331192000,txt,2016,9,0.9
20250331192000,txt,2016,10,0.87
20250331192000,txt,2016,11,0.92
20250331192000,txt,2016,12,0.86
20250331192000,txt,2017,1,1.02
20250331192000,txt,2017,2,1.14
20250331192000,txt,2017,3,1.17
20250331192000,txt,2017,4,0.94
20250331192000,txt,2017,5,0.92
20250331192000,txt,2017,6,0.71
20250331192000,txt,2017,7,0.82
20250331192000,txt,2017,8,0.87
20250331192000,txt,2017,9,0.75
20250331192000,txt,2017,10,0.89
20250331192000,txt,2017,11,0.88
20250331192000,txt,2017,12,0.93
20250331192000,txt,2018,1,0.82
20250331192000,txt,2018,2,0.85
20250331192000,txt,2018,3,0.88
20250331192000,txt,2018,4,0.89
20250331192000,txt,2018,5,0.82
20250331192000,txt,2018,6,0.77
20250331192000,txt,2018,7,0.83
20250331192000,txt,2018,8,0.78
20250331192000,txt,2018,9,0.81
20250331192000,txt,2018,10,1.02
20250331192000,txt,2018,11,0.84
20250331192000,txt,2018,12,0.93
20250331192000,txt,2019,1,0.93
20250331192000,txt,2019,2,0.95
20250331192000,txt,2019,3,1.17
20250331192000,txt,2019,4,1.01
20250331192000,txt,2019,5,0.87
20250331192000,txt,2019,6,0.9
20250331192000,txt,2019,7,0.94
20250331192000,txt,2019,8,0.95
20250331192000,txt,2019,9,0.93
20250331192000,txt,2019,10,0.99
20250331192000,txt,2019,11,0.99
20250331192000,txt,2019,12,1.12
20250331192000,txt,2020,1,1.18
20250331192000,txt,2020,2,1.24
20250331192000,txt,2020,3,1.18
20250331192000,txt,2020,4,1.12
20250331192000,txt,2020,5,1.0
20250331192000,txt,2020,6,0.91
20250331192000,txt,2020,7,0.89
20250331192000,txt,2020,8,0.86
20250331192000,txt,2020,9,0.97
20250331192000,txt,2020,10,0.87
20250331192000,txt,2020,11,1.09
20250331192000,txt,2020,12,0.8
20250331192000,txt,2021,1,0.81
20250331192000,txt,2021,2,0.64
20250331192000,txt,2021,3,0.89
20250331192000,txt,2021,4,0.76
20250331192000,txt,2021,5,0.79
20250331192000,txt,2021,6,0.85
20250331192000,txt,2021,7,0.92
20250331192000,txt,2021,8,0.81
20250331192000,txt,2021,9,0.92
20250331192000,txt,2021,10,0.99
20250331192000,txt,2021,11,0.92
20250331192000,txt,2021,12,0.87
20250331192000,txt,2022,1,0.91
20250331192000,txt,2022,2,0.89
20250331192000,txt,2022,3,1.05
20250331192000,txt,2022,4,0.83
20250331192000,txt,2022,5,0.84
20250331192000,txt,2022,6,0.93
20250331192000,txt,2022,7,0.94
20250331192000,txt,2022,8,0.95
20250331192000,txt,2022,9,0.89
20250331192000,txt,2022,10,0.97
20250331192000,txt,2022,11,0.73
20250331192000,txt,2022,12,0.8
20250331192000,txt,2023,1,0.88
20250331192000,txt,2023,2,0.97
20250331192000,txt,2023,3,1.23
20250331192000,txt,2023,4,0.99
20250331192000,txt,2023,5,0.94
20250331192000,txt,2023,6,1.08
20250331192000,txt,2023,7,1.19
20250331192000,txt,2023,8,1.19
20250331192000,txt,2023,9,1.48
20250331192000,txt,2023,10,1.34
20250331192000,txt,2023,11,1.42
20250331192000,txt,2023,12,1.37
20250331192000,txt,2024,1,1.26
20250331192000,txt,2024,2,1.43
20250331192000,txt,2024,3,1.39
20250331192000,txt,2024,4,1.32
20250331192000,txt,2024,5,1.16
20250331192000,txt,2024,6,1.24
20250331192000,txt,2024,7,1.2
20250331192000,txt,2024,8,1.3
20250331192000,txt,2024,9,1.23
20250331192000,txt,2024,10,1.34
20250331192000,txt,2024,11,1.29
20250331192000,txt,2024,12,1.26
20250331192000,txt,2025,1,1.36
20250331192000,txt,2025,2,1.26
20250414052617,csv,2012,1,0.47
20250414052617,csv,2012,2,0.49
20250414052617,csv,2012,3,0.57
20250414052617,csv,2012,4,0.73
20250414052617,csv,2012,5,0.79
20250414052617,csv,2012,6,0.65
20250414052617,csv,2012,7,0.59
20250414052617,csv,2012,8,0.66
20250414052617,csv,2012,9,0.73
20250414052617,csv,2012,10,0.8
20250414052617,csv,2012,11,0.79
20250414052617,csv,2012,12,0.53
20250414052617,csv,2013,1,0.71
20250414052617,csv,2013,2,0.62
20250414052617,csv,2013,3,0.68
20250414052617,csv,2013,4,0.53
20250414052617,csv,2013,5,0.6
20250414052617,csv,2013,6,0.7
20250414052617,csv,2013,7,0.6
20250414052617,csv,2013,8,0.71
20250414052617,csv,2013,9,0.77
20250414052617,csv,2013,10,0.7
20250414052617,csv,2013,11,0.84
20250414052617,csv,2013,12,0.7
20250414052617,csv,2014,1,0.77
20250414052617,csv,2014,2,0.55
20250414052617,csv,2014,3,0.78
20250414052617,csv,2014,4,0.81
20250414052617,csv,2014,5,0.87
20250414052617,csv,2014,6,0.67
20250414052617,csv,2014,7,0.58
20250414052617,csv,2014,8,0.84
20250414052617,csv,2014,9,0.88
20250414052617,csv,2014,10,0.81
20250414052617,csv,2014,11,0.67
20250414052617,csv,2014,12,0.79
20250414052617,csv,2015,1,0.87
20250414052617,csv,2015,2,0.91
20250414052617,csv,2015,3,0.96
20250414052617,csv,2015,4,0.76
20250414052617,csv,2015,5,0.8
20250414052617,csv,2015,6,0.82
20250414052617,csv,2015,7,0.73
20250414052617,csv,2015,8,0.8
20250414052617,csv,2015,9,0.84
20250414052617,csv,2015,10,1.08
20250414052617,csv,2015,11,1.06
20250414052617,csv,2015,12,1.17
20250414052617,csv,2016,1,1.18
20250414052617,csv,2016,2,1.37
20250414052617,csv,2016,3,1.36
20250414052617,csv,2016,4,1.09
20250414052617,csv,2016,5,0.96
20250414052617,csv,2016,6,0.81
20250414052617,csv,2016,7,0.84
20250414052617,csv,2016,8,1.02
20250414052617,csv,2016,9,0.9
20250414052617,csv,2016,10,0.87
20250414052617,csv,2016,11,0.92
20250414052617,csv,2016,12,0.86
20250414052617,csv,2017,1,1.03
20250414052617,csv,2017,2,1.14
20250414052617,csv,2017,3,1.17
20250414052617,csv,2017,4,0.94
20250414052617,csv,2017,5,0.92
20250414052617,csv,2017,6,0.71
20250414052617,csv,2017,7,0.82
20250414052617,csv,2017,8,0.87
20250414052617,csv,2017,9,0.75
20250414052617,csv,2017,10,0.89
20250414052617,csv,2017,11,0.88
20250414052617,csv,2017,12,0.93
20250414052617,csv,2018,1,0.82
20250414052617,csv,2018,2,0.85
20250414052617,csv,2018,3,0.89
20250414052617,csv,2018,4,0.89
20250414052617,csv,2018,5,0.82
20250414052617,csv,2018,6,0.77
20250414052617,csv,2018,7,0.83
20250414052617,csv,2018,8,0.79
20250414052617,csv,2018,9,0.81
20250414052617,csv,2018,10,1.02
20250414052617,csv,2018,11,0.84
20250414052617,csv,2018,12,0.93
20250414052617,csv,2019,1,0.93
20250414052617,csv,2019,2,0.96
20250414052617,csv,2019,3,1.17
20250414052617,csv,2019,4,1.01
20250414052617,csv,2019,5,0.87
20250414052617,csv,2019,6,0.91
20250414052617,csv,2019,7,0.94
20250414052617,csv,2019,8,0.95
20250414052617,csv,2019,9,0.93
20250414052617,csv,2019,10,0.99
20250414052617,csv,2019,11,0.99
20250414052617,csv,2019,12,1.12
20250414052617,csv,2020,1,1.18
20250414052617,csv,2020,2,1.24
20250414052617,csv,2020,3,1.18
20250414052617,csv,2020,4,1.12
20250414052617,csv,2020,5,1.0
20250414052617,csv,2020,6,0.92
20250414052617,csv,2020,7,0.89
20250414052617,csv,2020,8,0.86
20250414052617,csv,2020,9,0.97
20250414052617,csv,2020,10,0.87
20250414052617,csv,2020,11,1.09
20250414052617,csv,2020,12,0.8
20250414052617,csv,2021,1,0.82
20250414052617,csv,2021,2,0.64
20250414052617,csv,2021,3,0.89
20250414052617,csv,2021,4,0.76
20250414052617,csv,2021,5,0.8
20250414052617,csv,2021,6,0.85
20250414052617,csv,2021,7,0.92
20250414052617,csv,2021,8,0.81
20250414052617,csv,2021,9,0.92
20250414052617,csv,2021,10,0.99
20250414052617,csv,2021,11,0.92
20250414052617,csv,2021,12,0.88
20250414052617,csv,2022,1,0.91
20250414052617,csv,2022,2,0.89
20250414052617,csv,2022,3,1.05
20250414052617,csv,2022,4,0.83
20250414052617,csv,2022,5,0.84
20250414052617,csv,2022,6,0.93
20250414052617,csv,2022,7,0.94
20250414052617,csv,2022,8,0.95
20250414052617,csv,2022,9,0.89
20250414052617,csv,2022,10,0.97
20250414052617,csv,2022,11,0.73
20250414052617,csv,2022,12,0.8
20250414052617,csv,2023,1,0.88
20250414052617,csv,2023,2,0.97
20250414052617,csv,2023,3,1.23
20250414052617,csv,2023,4,0.99
20250414052617,csv,2023,5,0.94
20250414052617,csv,2023,6,1.09
20250414052617,csv,2023,7,1.19
20250414052617,csv,2023,8,1.19
20250414052617,csv,2023,9,1.48
20250414052617,csv,2023,10,1.34
20250414052617,csv,2023,11,1.42
20250414052617,csv,2023,12,1.37
20250414052617,csv,2024,1,1.26
20250414052617,csv,2024,2,1.45
20250414052617,csv,2024,3,1.39
20250414052617,csv,2024,4,1.32
20250414052617,csv,2024,5,1.16
20250414052617,csv,2024,6,1.24
20250414052617,csv,2024,7,1.2
20250414052617,csv,2024,8,1.3
20250414052617,csv,2024,9,1.23
20250414052617,csv,2024,10,1.34
20250414052617,csv,2024,11,1.29
20250414052617,csv,2024,12,1.27
20250414052617,csv,2025,1,1.37
20250414052617,csv,2025,2,1.26
20250414052617,csv,2025,3,1.36
20250501182815,txt,2012,1,0.47
20250501182815,txt,2012,2,0.49
20250501182815,txt,2012,3,0.57
20250501182815,txt,2012,4,0.73
20250501182815,txt,2012,5,0.79
20250501182815,txt,2012,6,0.65
20250501182815,txt,2012,7,0.59
20250501182815,txt,2012,8,0.66
20250501182815,txt,2012,9,0.73
20250501182815,txt,2012,10,0.8
20250501182815,txt,2012,11,0.79
20250501182815,txt,2012,12,0.53
20250501182815,txt,2013,1,0.71
20250501182815,txt,2013,2,0.62
20250501182815,txt,2013,3,0.68
20250501182815,txt,2013,4,0.53
20250501182815,txt,2013,5,0.6
20250501182815,txt,2013,6,0.7
20250501182815,txt,2013,7,0.6
20250501182815,txt,2013,8,0.71
20250501182815,txt,2013,9,0.77
20250501182815,txt,2013,10,0.7
20250501182815,txt,2013,11,0.84
20250501182815,txt,2013,12,0.7
20250501182815,txt,2014,1,0.77
20250501182815,txt,2014,2,0.55
20250501182815,txt,2014,3,0.78
20250501182815,txt,2014,4,0.81
20250501182815,txt,2014,5,0.87
20250501182815,txt,2014,6,0.67
20250501182815,txt,2014,7,0.58
20250501182815,txt,2014,8,0.84
20250501182815,txt,2014,9,0.88
20250501182815,txt,2014,10,0.81
20250501182815,txt,2014,11,0.67
20250501182815,txt,2014,12,0.79
20250501182815,txt,2015,1,0.87
20250501182815,txt,2015,2,0.91
20250501182815,txt,2015,3,0.96
20250501182815,txt,2015,4,0.76
20250501182815,txt,2015,5,0.8
20250501182815,txt,2015,6,0.82
20250501182815,txt,2015,7,0.73
20250501182815,txt,2015,8,0.8
20250501182815,txt,2015,9,0.84
20250501182815,txt,2015,10,1.08
20250501182815,txt,2015,11,1.06
20250501182815,txt,2015,12,1.17
20250501182815,txt,2016,1,1.18
20250501182815,txt,2016,2,1.37
20250501182815,txt,2016,3,1.36
20250501182815,txt,2016,4,1.09
20250501182815,txt,2016,5,0.96
20250501182815,txt,2016,6,0.81
20250501182815,txt,2016,7,0.84
20250501182815,txt,2016,8,1.02
20250501182815,txt,2016,9,0.9
20250501182815,txt,2016,10,0.87
20250501182815,txt,2016,11,0.92
20250501182815,txt,2016,12,0.86
20250501182815,txt,2017,1,1.03
20250501182815,txt,2017,2,1.14
20250501182815,txt,2017,3,1.17
20250501182815,txt,2017,4,0.94
20250501182815,txt,2017,5,0.92
20250501182815,txt,2017,6,0.71
20250501182815,txt,2017,7,0.82
20250501182815,txt,2017,8,0.87
20250501182815,txt,2017,9,0.75
20250501182815,txt,2017,10,0.89
20250501182815,txt,2017,11,0.88
20250501182815,txt,2017,12,0.93
20250501182815,txt,2018,1,0.82
20250501182815,txt,2018,2,0.85
20250501182815,txt,2018,3,0.89
20250501182815,txt,2018,4,0.89
20250501182815,txt,2018,5,0.82
20250501182815,txt,2018,6,0.77
20250501182815,txt,2018,7,0.83
20250501182815,txt,2018,8,0.79
20250501182815,txt,2018,9,0.81
20250501182815,txt,2018,10,1.02
20250501182815,txt,2018,11,0.84
20250501182815,txt,2018,12,0.93
20250501182815,txt,2019,1,0.93
20250501182815,txt,2019,2,0.96
20250501182815,txt,2019,3,1.17
20250501182815,txt,2019,4,1.01
20250501182815,txt,2019,5,0.87
20250501182815,txt,2019,6,0.91
20250501182815,txt,2019,7,0.94
20250501182815,txt,2019,8,0.95
20250501182815,txt,2019,9,0.93
20250501182815,txt,2019,10,0.99
20250501182815,txt,2019,11,0.99
20250501182815,txt,2019,12,1.12
20250501182815,txt,2020,1,1.18
20250501182815,txt,2020,2,1.24
20250501182815,txt,2020,3,1.18
20250501182815,txt,2020,4,1.12
20250501182815,txt,2020,5,1.0
20250501182815,txt,2020,6,0.92
20250501182815,txt,2020,7,0.89
20250501182815,txt,2020,8,0.86
20250501182815,txt,2020,9,0.97
20250501182815,txt,2020,10,0.87
20250501182815,txt,2020,11,1.09
20250501182815,txt,2020,12,0.8
20250501182815,txt,2021,1,0.82
20250501182815,txt,2021,2,0.64
20250501182815,txt,2021,3,0.89
20250501182815,txt,2021,4,0.76
20250501182815,txt,2021,5,0.8
20250501182815,txt,2021,6,0.85
20250501182815,txt,2021,7,0.92
20250501182815,txt,2021,8,0.81
20250501182815,txt,2021,9,0.92
20250501182815,txt,2021,10,0.99
20250501182815,txt,2021,11,0.92
20250501182815,txt,2021,12,0.88
20250501182815,txt,2022,1,0.91
20250501182815,txt,2022,2,0.89
20250501182815,txt,2022,3,1.05
20250501182815,txt,2022,4,0.83
20250501182815,txt,2022,5,0.84
20250501182815,txt,2022,6,0.93
20250501182815,txt,2022,7,0.94
20250501182815,txt,2022,8,0.95
20250501182815,txt,2022,9,0.89
20250501182815,txt,2022,10,0.97
20250501182815,txt,2022,11,0.73
20250501182815,txt,2022,12,0.8
20250501182815,txt,2023,1,0.88
20250501182815,txt,2023,2,0.97
20250501182815,txt,2023,3,1.23
20250501182815,txt,2023,4,0.99
20250501182815,txt,2023,5,0.94
20250501182815,txt,2023,6,1.09
20250501182815,txt,2023,7,1.19
20250501182815,txt,2023,8,1.19
20250501182815,txt,2023,9,1.48
20250501182815,txt,2023,10,1.34
20250501182815,txt,2023,11,1.42
20250501182815,txt,2023,12,1.37
20250501182815,txt,2024,1,1.26
20250501182815,txt,2024,2,1.45
20250501182815,txt,2024,3,1.39
20250501182815,txt,2024,4,1.32
20250501182815,txt,2024,5,1.16
20250501182815,txt,2024,6,1.24
20250501182815,txt,2024,7,1.2
20250501182815,txt,2024,8,1.3
20250501182815,txt,2024,9,1.23
20250501182815,txt,2024,10,1.34
20250501182815,txt,2024,11,1.29
20250501182815,txt,2024,12,1.27
20250501182815,txt,2025,1,1.37
20250501182815,txt,2025,2,1.26
20250501182815,txt,2025,3,1.36
20250515195343,txt,2012,1,0.47
20250515195343,txt,2012,2,0.48
20250515195343,txt,2012,3,0.57
20250515195343,txt,2012,4,0.73
20250515195343,txt,2012,5,0.78
20250515195343,txt,2012,6,0.64
20250515195343,txt,2012,7,0.59
20250515195343,txt,2012,8,0.66
20250515195343,txt,2012,9,0.72
20250515195343,txt,2012,10,0.8
20250515195343,txt,2012,11,0.78
20250515195343,txt,2012,12,0.53
20250515195343,txt,2013,1,0.71
20250515195343,txt,2013,2,0.62
20250515195343,txt,2013,3,0.67
20250515195343,txt,2013,4,0.53
20250515195343,txt,2013,5,0.6
20250515195343,txt,2013,6,0.69
20250515195343,txt,2013,7,0.6
20250515195343,txt,2013,8,0.71
20250515195343,txt,2013,9,0.77
20250515195343,txt,2013,10,0.7
20250515195343,txt,2013,11,0.84
20250515195343,txt,2013,12,0.7
20250515195343,txt,2014,1,0.77
20250515195343,txt,2014,2,0.55
20250515195343,txt,2014,3,0.78
20250515195343,txt,2014,4,0.81
20250515195343,txt,2014,5,0.87
20250515195343,txt,2014,6,0.67
20250515195343,txt,2014,7,0.58
20250515195343,txt,2014,8,0.84
20250515195343,txt,2014,9,0.88
20250515195343,txt,2014,10,0.81
20250515195343,txt,2014,11,0.67
20250515195343,txt,2014,12,0.79
20250515195343,txt,2015,1,0.87
20250515195343,txt,2015,2,0.91
20250515195343,txt,2015,3,0.96
20250515195343,txt,2015,4,0.75
20250515195343,txt,2015,5,0.8
20250515195343,txt,2015,6,0.82
20250515195343,txt,2015,7,0.73
20250515195343,txt,2015,8,0.79
20250515195343,txt,2015,9,0.84
20250515195343,txt,2015,10,1.07
20250515195343,txt,2015,11,1.06
20250515195343,txt,2015,12,1.17
20250515195343,txt,2016,1,1.18
20250515195343,txt,2016,2,1.37
20250515195343,txt,2016,3,1.35
20250515195343,txt,2016,4,1.09
20250515195343,txt,2016,5,0.96
20250515195343,txt,2016,6,0.81
20250515195343,txt,2016,7,0.84
20250515195343,txt,2016,8,1.02
20250515195343,txt,2016,9,0.9
20250515195343,txt,2016,10,0.87
20250515195343,txt,2016,11,0.92
20250515195343,txt,2016,12,0.86
20250515195343,txt,2017,1,1.02
20250515195343,txt,2017,2,1.14
20250515195343,txt,2017,3,1.17
20250515195343,txt,2017,4,0.94
20250515195343,txt,2017,5,0.92
20250515195343,txt,2017,6,0.71
20250515195343,txt,2017,7,0.82
20250515195343,txt,2017,8,0.87
20250515195343,txt,2017,9,0.75
20250515195343,txt,2017,10,0.89
20250515195343,txt,2017,11,0.88
20250515195343,txt,2017,12,0.93
20250515195343,txt,2018,1,0.82
20250515195343,txt,2018,2,0.85
20250515195343,txt,2018,3,0.88
20250515195343,txt,2018,4,0.89
20250515195343,txt,2018,5,0.82
20250515195343,txt,2018,6,0.77
20250515195343,txt,2018,7,0.83
20250515195343,txt,2018,8,0.78
20250515195343,txt,2018,9,0.81
20250515195343,txt,2018,10,1.01
20250515195343,txt,2018,11,0.84
20250515195343,txt,2018,12,0.93
20250515195343,txt,2019,1,0.93
20250515195343,txt,2019,2,0.96
20250515195343,txt,2019,3,1.17
20250515195343,txt,2019,4,1.01
20250515195343,txt,2019,5,0.87
20250515195343,txt,2019,6,0.91
20250515195343,txt,2019,7,0.94
20250515195343,txt,2019,8,0.95
20250515195343,txt,2019,9,0.93
20250515195343,txt,2019,10,0.99
20250515195343,txt,2019,11,0.99
20250515195343,txt,2019,12,1.12
20250515195343,txt,2020,1,1.18
20250515195343,txt,2020,2,1.24
20250515195343,txt,2020,3,1.18
20250515195343,txt,2020,4,1.12
20250515195343,txt,2020,5,1.0
20250515195343,txt,2020,6,0.91
20250515195343,txt,2020,7,0.89
20250515195343,txt,2020,8,0.86
20250515195343,txt,2020,9,0.97
20250515195343,txt,2020,10,0.87
20250515195343,txt,2020,11,1.09
20250515195343,txt,2020,12,0.8
20250515195343,txt,2021,1,0.82
20250515195343,txt,2021,2,0.64
20250515195343,txt,2021,3,0.89
20250515195343,txt,2021,4,0.76
20250515195343,txt,2021,5,0.79
20250515195343,txt,2021,6,0.85
20250515195343,txt,2021,7,0.92
20250515195343,txt,2021,8,0.81
20250515195343,txt,2021,9,0.92
20250515195343,txt,2021,10,0.99
20250515195343,txt,2021,11,0.93
20250515195343,txt,2021,12,0.88
20250515195343,txt,2022,1,0.91
20250515195343,txt,2022,2,0.89
20250515195343,txt,2022,3,1.05
20250515195343,txt,2022,4,0.84
20250515195343,txt,2022,5,0.84
20250515195343,txt,2022,6,0.93
20250515195343,txt,2022,7,0.94
20250515195343,txt,2022,8,0.95
20250515195343,txt,2022,9,0.89
20250515195343,txt,2022,10,0.97
20250515195343,txt,2022,11,0.73
20250515195343,txt,2022,12,0.8
20250515195343,txt,2023,1,0.88
20250515195343,txt,2023,2,0.97
20250515195343,txt,2023,3,1.23
20250515195343,txt,2023,4,0.99
20250515195343,txt,2023,5,0.94
20250515195343,txt,2023,6,1.08
20250515195343,txt,2023,7,1.19
20250515195343,txt,2023,8,1.19
20250515195343,txt,2023,9,1.48
20250515195343,txt,2023,10,1.34
20250515195343,txt,2023,11,1.42
20250515195343,txt,2023,12,1.37
20250515195343,txt,2024,1,1.25
20250515195343,txt,2024,2,1.44
20250515195343,txt,2024,3,1.39
20250515195343,txt,2024,4,1.32
20250515195343,txt,2024,5,1.16
20250515195343,txt,2024,6,1.24
20250515195343,txt,2024,7,1.2
20250515195343,txt,2024,8,1.3
20250515195343,txt,2024,9,1.23
20250515195343,txt,2024,10,1.34
20250515195343,txt,2024,11,1.29
20250515195343,txt,2024,12,1.27
20250515195343,txt,2025,1,1.37
20250515195343,txt,2025,2,1.25
20250515195343,txt,2025,3,1.36
20250515195343,txt,2025,4,1.23
20250523013836,csv,2012,1,0.47
20250523013836,csv,2012,2,0.48
20250523013836,csv,2012,3,0.57
20250523013836,csv,2012,4,0.73
20250523013836,csv,2012,5,0.78
20250523013836,csv,2012,6,0.64
20250523013836,csv,2012,7,0.59
20250523013836,csv,2012,8,0.66
20250523013836,csv,2012,9,0.72
20250523013836,csv,2012,10,0.8
20250523013836,csv,2012,11,0.78
20250523013836,csv,2012,12,0.53
20250523013836,csv,2013,1,0.71
20250523013836,csv,2013,2,0.62
20250523013836,csv,2013,3,0.67
20250523013836,csv,2013,4,0.53
20250523013836,csv,2013,5,0.6
20250523013836,csv,2013,6,0.69
20250523013836,csv,2013,7,0.6
20250523013836,csv,2013,8,0.71
20250523013836,csv,2013,9,0.77
20250523013836,csv,2013,10,0.7
20250523013836,csv,2013,11,0.84
20250523013836,csv,2013,12,0.7
20250523013836,csv,2014,1,0.77
20250523013836,csv,2014,2,0.55
20250523013836,csv,2014,3,0.78
20250523013836,csv,2014,4,0.81
20250523013836,csv,2014,5,0.87
20250523013836,csv,2014,6,0.67
20250523013836,csv,2014,7,0.58
20250523013836,csv,2014,8,0.84
20250523013836,csv,2014,9,0.88
20250523013836,csv,2014,10,0.81
20250523013836,csv,2014,11,0.67
20250523013836,csv,2014,12,0.79
20250523013836,csv,2015,1,0.87
20250523013836,csv,2015,2,0.91
20250523013836,csv,2015,3,0.96
20250523013836,csv,2015,4,0.75
20250523013836,csv,2015,5,0.8
20250523013836,csv,2015,6,0.82
20250523013836,csv,2015,7,0.73
20250523013836,csv,2015,8,0.79
20250523013836,csv,2015,9,0.84
20250523013836,csv,2015,10,1.07
20250523013836,csv,2015,11,1.06
20250523013836,csv,2015,12,1.17
20250523013836,csv,2016,1,1.18
20250523013836,csv,2016,2,1.37
20250523013836,csv,2016,3,1.35
20250523013836,csv,2016,4,1.09
20250523013836,csv,2016,5,0.96
20250523013836,csv,2016,6,0.81
20250523013836,csv,2016,7,0.84
20250523013836,csv,2016,8,1.02
20250523013836,csv,2016,9,0.9
20250523013836,csv,2016,10,0.87
20250523013836,csv,2016,11,0.92
20250523013836,csv,2016,12,0.86
20250523013836,csv,2017,1,1.02
20250523013836,csv,2017,2,1.14
20250523013836,csv,2017,3,1.17
20250523013836,csv,2017,4,0.94
20250523013836,csv,2017,5,0.92
20250523013836,csv,2017,6,0.71
20250523013836,csv,2017,7,0.82
20250523013836,csv,2017,8,0.87
20250523013836,csv,2017,9,0.75
20250523013836,csv,2017,10,0.89
20250523013836,csv,2017,11,0.88
20250523013836,csv,2017,12,0.93
20250523013836,csv,2018,1,0.82
20250523013836,csv,2018,2,0.85
20250523013836,csv,2018,3,0.88
20250523013836,csv,2018,4,0.89
20250523013836,csv,2018,5,0.82
20250523013836,csv,2018,6,0.77
20250523013836,csv,2018,7,0.83
20250523013836,csv,2018,8,0.78
20250523013836,csv,2018,9,0.81
20250523013836,csv,2018,10,1.01
20250523013836,csv,2018,11,0.84
20250523013836,csv,2018,12,0.93
20250523013836,csv,2019,1,0.93
20250523013836,csv,2019,2,0.96
20250523013836,csv,2019,3,1.17
20250523013836,csv,2019,4,1.01
20250523013836,csv,2019,5,0.87
20250523013836,csv,2019,6,0.91
20250523013836,csv,2019,7,0.94
20250523013836,csv,2019,8,0.95
20250523013836,csv,2019,9,0.93
20250523013836,csv,2019,10,0.99
20250523013836,csv,2019,11,0.99
20250523013836,csv,2019,12,1.12
20250523013836,csv,2020,1,1.18
20250523013836,csv,2020,2,1.24
20250523013836,csv,2020,3,1.18
20250523013836,csv,2020,4,1.12
20250523013836,csv,2020,5,1.0
20250523013836,csv,2020,6,0.91
20250523013836,csv,2020,7,0.89
20250523013836,csv,2020,8,0.86
20250523013836,csv,2020,9,0.97
20250523013836,csv,2020,10,0.87
20250523013836,csv,2020,11,1.09
20250523013836,csv,2020,12,0.8
20250523013836,csv,2021,1,0.82
20250523013836,csv,2021,2,0.64
20250523013836,csv,2021,3,0.89
20250523013836,csv,2021,4,0.76
20250523013836,csv,2021,5,0.79
20250523013836,csv,2021,6,0.85
20250523013836,csv,2021,7,0.92
20250523013836,csv,2021,8,0.81
20250523013836,csv,2021,9,0.92
20250523013836,csv,2021,10,0.99
20250523013836,csv,2021,11,0.93
20250523013836,csv,2021,12,0.88
20250523013836,csv,2022,1,0.91
20250523013836,csv,2022,2,0.89
20250523013836,csv,2022,3,1.05
20250523013836,csv,2022,4,0.84
20250523013836,csv,2022,5,0.84
20250523013836,csv,2022,6,0.93
20250523013836,csv,2022,7,0.94
20250523013836,csv,2022,8,0.95
20250523013836,csv,2022,9,0.89
20250523013836,csv,2022,10,0.97
20250523013836,csv,2022,11,0.73
20250523013836,csv,2022,12,0.8
20250523013836,csv,2023,1,0.88
20250523013836,csv,2023,2,0.97
20250523013836,csv,2023,3,1.23
20250523013836,csv,2023,4,0.99
20250523013836,csv,2023,5,0.94
20250523013836,csv,2023,6,1.08
20250523013836,csv,2023,7,1.19
20250523013836,csv,2023,8,1.19
20250523013836,csv,2023,9,1.48
20250523013836,csv,2023,10,1.34
20250523013836,csv,2023,11,1.42
20250523013836,csv,2023,12,1.37
20250523013836,csv,2024,1,1.25
20250523013836,csv,2024,2,1.44
20250523013836,csv,2024,3,1.39
20250523013836,csv,2024,4,1.32
20250523013836,csv,2024,5,1.16
20250523013836,csv,2024,6,1.24
20250523013836,csv,2024,7,1.2
20250523013836,csv,2024,8,1.3
20250523013836,csv,2024,9,1.23
20250523013836,csv,2024,10,1.34
20250523013836,csv,2024,11,1.29
20250523013836,csv,2024,12,1.27
20250523013836,csv,2025,1,1.37
20250523013836,csv,2025,2,1.25
20250523013836,csv,2025,3,1.36
20250523013836,csv,2025,4,1.23
20250709031505,txt,2012,1,0.47
20250709031505,txt,2012,2,0.49
20250709031505,txt,2012,3,0.57
20250709031505,txt,2012,4,0.73
20250709031505,txt,2012,5,0.78
20250709031505,txt,2012,6,0.65
20250709031505,txt,2012,7,0.59
20250709031505,txt,2012,8,0.66
20250709031505,txt,2012,9,0.73
20250709031505,txt,2012,10,0.8
20250709031505,txt,2012,11,0.79
20250709031505,txt,2012,12,0.53
20250709031505,txt,2013,1,0.71
20250709031505,txt,2013,2,0.62
20250709031505,txt,2013,3,0.68
20250709031505,txt,2013,4,0.53
20250709031505,txt,2013,5,0.61
20250709031505,txt,2013,6,0.7
20250709031505,txt,2013,7,0.6
20250709031505,txt,2013,8,0.71
20250709031505,txt,2013,9,0.77
20250709031505,txt,2013,10,0.7
20250709031505,txt,2013,11,0.84
20250709031505,txt,2013,12,0.7
20250709031505,txt,2014,1,0.77
20250709031505,txt,2014,2,0.55
20250709031505,txt,2014,3,0.78
20250709031505,txt,2014,4,0.81
20250709031505,txt,2014,5,0.87
20250709031505,txt,2014,6,0.67
20250709031505,txt,2014,7,0.58
20250709031505,txt,2014,8,0.84
20250709031505,txt,2014,9,0.88
20250709031505,txt,2014,10,0.8
20250709031505,txt,2014,11,0.67
20250709031505,txt,2014,12,0.79
20250709031505,txt,2015,1,0.87
20250709031505,txt,2015,2,0.91
20250709031505,txt,2015,3,0.96
20250709031505,txt,2015,4,0.75
20250709031505,txt,2015,5,0.8
20250709031505,txt,2015,6,0.82
20250709031505,txt,2015,7,0.73
20250709031505,txt,2015,8,0.79
20250709031505,txt,2015,9,0.84
20250709031505,txt,2015,10,1.07
20250709031505,txt,2015,11,1.06
20250709031505,txt,2015,12,1.17
20250709031505,txt,2016,1,1.18
20250709031505,txt,2016,2,1.37
20250709031505,txt,2016,3,1.36
20250709031505,txt,2016,4,1.1
20250709031505,txt,2016,5,0.96
20250709031505,txt,2016,6,0.81
20250709031505,txt,2016,7,0.84
20250709031505,txt,2016,8,1.02
20250709031505,txt,2016,9,0.9
20250709031505,txt,2016,10,0.87
20250709031505,txt,2016,11,0.92
20250709031505,txt,2016,12,0.86
20250709031505,txt,2017,1,1.02
20250709031505,txt,2017,2,1.14
20250709031505,txt,2017,3,1.17
20250709031505,txt,2017,4,0.94
20250709031505,txt,2017,5,0.91
20250709031505,txt,2017,6,0.71
20250709031505,txt,2017,7,0.82
20250709031505,txt,2017,8,0.87
20250709031505,txt,2017,9,0.75
20250709031505,txt,2017,10,0.89
20250709031505,txt,2017,11,0.89
20250709031505,txt,2017,12,0.93
20250709031505,txt,2018,1,0.83
20250709031505,txt,2018,2,0.85
20250709031505,txt,2018,3,0.89
20250709031505,txt,2018,4,0.89
20250709031505,txt,2018,5,0.82
20250709031505,txt,2018,6,0.77
20250709031505,txt,2018,7,0.83
20250709031505,txt,2018,8,0.79
20250709031505,txt,2018,9,0.81
20250709031505,txt,2018,10,1.02
20250709031505,txt,2018,11,0.84
20250709031505,txt,2018,12,0.93
20250709031505,txt,2019,1,0.94
20250709031505,txt,2019,2,0.96
20250709031505,txt,2019,3,1.17
20250709031505,txt,2019,4,1.01
20250709031505,txt,2019,5,0.87
20250709031505,txt,2019,6,0.91
20250709031505,txt,2019,7,0.94
20250709031505,txt,2019,8,0.95
20250709031505,txt,2019,9,0.93
20250709031505,txt,2019,10,0.99
20250709031505,txt,2019,11,0.99
20250709031505,txt,2019,12,1.12
20250709031505,txt,2020,1,1.18
20250709031505,txt,2020,2,1.24
20250709031505,txt,2020,3,1.18
20250709031505,txt,2020,4,1.12
20250709031505,txt,2020,5,1.0
20250709031505,txt,2020,6,0.92
20250709031505,txt,2020,7,0.89
20250709031505,txt,2020,8,0.87
20250709031505,txt,2020,9,0.97
20250709031505,txt,2020,10,0.88
20250709031505,txt,2020,11,1.1
20250709031505,txt,2020,12,0.8
20250709031505,txt,2021,1,0.82
20250709031505,txt,2021,2,0.65
20250709031505,txt,2021,3,0.9
20250709031505,txt,2021,4,0.76
20250709031505,txt,2021,5,0.8
20250709031505,txt,2021,6,0.85
20250709031505,txt,2021,7,0.92
20250709031505,txt,2021,8,0.82
20250709031505,txt,2021,9,0.92
20250709031505,txt,2021,10,0.99
20250709031505,txt,2021,11,0.93
20250709031505,txt,2021,12,0.88
20250709031505,txt,2022,1,0.92
20250709031505,txt,2022,2,0.9
20250709031505,txt,2022,3,1.05
20250709031505,txt,2022,4,0.84
20250709031505,txt,2022,5,0.85
20250709031505,txt,2022,6,0.93
20250709031505,txt,2022,7,0.95
20250709031505,txt,2022,8,0.95
20250709031505,txt,2022,9,0.89
20250709031505,txt,2022,10,0.97
20250709031505,txt,2022,11,0.73
20250709031505,txt,2022,12,0.8
20250709031505,txt,2023,1,0.88
20250709031505,txt,2023,2,0.98
20250709031505,txt,2023,3,1.24
20250709031505,txt,2023,4,1.0
20250709031505,txt,2023,5,0.94
20250709031505,txt,2023,6,1.09
20250709031505,txt,2023,7,1.2
20250709031505,txt,2023,8,1.2
20250709031505,txt,2023,9,1.49
20250709031505,txt,2023,10,1.35
20250709031505,txt,2023,11,1.42
20250709031505,txt,2023,12,1.38
20250709031505,txt,2024,1,1.26
20250709031505,txt,2024,2,1.45
20250709031505,txt,2024,3,1.4
20250709031505,txt,2024,4,1.32
20250709031505,txt,2024,5,1.17
20250709031505,txt,2024,6,1.25
20250709031505,txt,2024,7,1.21
20250709031505,txt,2024,8,1.31
20250709031505,txt,2024,9,1.24
20250709031505,txt,2024,10,1.34
20250709031505,txt,2024,11,1.3
20250709031505,txt,2024,12,1.28
20250709031505,txt,2025,1,1.38
20250709031505,txt,2025,2,1.27
20250709031505,txt,2025,3,1.36
20250709031505,txt,2025,4,1.24
20250709031505,txt,2025,5,1.07
20250716211606,txt,2012,1,0.47
20250716211606,txt,2012,2,0.48
20250716211606,txt,2012,3,0.57
20250716211606,txt,2012,4,0.73
20250716211606,txt,2012,5,0.78
20250716211606,txt,2012,6,0.64
20250716211606,txt,2012,7,0.59
20250716211606,txt,2012,8,0.66
20250716211606,txt,2012,9,0.72
20250716211606,txt,2012,10,0.8
20250716211606,txt,2012,11,0.78
20250716211606,txt,2012,12,0.53
20250716211606,txt,2013,1,0.71
20250716211606,txt,2013,2,0.62
20250716211606,txt,2013,3,0.67
20250716211606,txt,2013,4,0.53
20250716211606,txt,2013,5,0.6
20250716211606,txt,2013,6,0.7
20250716211606,txt,2013,7,0.6
20250716211606,txt,2013,8,0.7
20250716211606,txt,2013,9,0.77
20250716211606,txt,2013,10,0.7
20250716211606,txt,2013,11,0.83
20250716211606,txt,2013,12,0.7
20250716211606,txt,2014,1,0.77
20250716211606,txt,2014,2,0.55
20250716211606,txt,2014,3,0.78
20250716211606,txt,2014,4,0.81
20250716211606,txt,2014,5,0.86
20250716211606,txt,2014,6,0.67
20250716211606,txt,2014,7,0.58
20250716211606,txt,2014,8,0.83
20250716211606,txt,2014,9,0.88
20250716211606,txt,2014,10,0.8
20250716211606,txt,2014,11,0.67
20250716211606,txt,2014,12,0.78
20250716211606,txt,2015,1,0.87
20250716211606,txt,2015,2,0.91
20250716211606,txt,2015,3,0.96
20250716211606,txt,2015,4,0.75
20250716211606,txt,2015,5,0.8
20250716211606,txt,2015,6,0.81
20250716211606,txt,2015,7,0.73
20250716211606,txt,2015,8,0.79
20250716211606,txt,2015,9,0.84
20250716211606,txt,2015,10,1.07
20250716211606,txt,2015,11,1.06
20250716211606,txt,2015,12,1.17
20250716211606,txt,2016,1,1.18
20250716211606,txt,2016,2,1.37
20250716211606,txt,2016,3,1.35
20250716211606,txt,2016,4,1.09
20250716211606,txt,2016,5,0.95
20250716211606,txt,2016,6,0.81
20250716211606,txt,2016,7,0.84
20250716211606,txt,2016,8,1.02
20250716211606,txt,2016,9,0.9
20250716211606,txt,2016,10,0.87
20250716211606,txt,2016,11,0.92
20250716211606,txt,2016,12,0.86
20250716211606,txt,2017,1,1.02
20250716211606,txt,2017,2,1.13
20250716211606,txt,2017,3,1.16
20250716211606,txt,2017,4,0.94
20250716211606,txt,2017,5,0.91
20250716211606,txt,2017,6,0.71
20250716211606,txt,2017,7,0.81
20250716211606,txt,2017,8,0.87
20250716211606,txt,2017,9,0.75
20250716211606,txt,2017,10,0.89
20250716211606,txt,2017,11,0.88
20250716211606,txt,2017,12,0.93
20250716211606,txt,2018,1,0.82
20250716211606,txt,2018,2,0.85
20250716211606,txt,2018,3,0.88
20250716211606,txt,2018,4,0.88
20250716211606,txt,2018,5,0.81
20250716211606,txt,2018,6,0.77
20250716211606,txt,2018,7,0.83
20250716211606,txt,2018,8,0.78
20250716211606,txt,2018,9,0.81
20250716211606,txt,2018,10,1.01
20250716211606,txt,2018,11,0.84
20250716211606,txt,2018,12,0.93
20250716211606,txt,2019,1,0.93
20250716211606,txt,2019,2,0.96
20250716211606,txt,2019,3,1.17
20250716211606,txt,2019,4,1.01
20250716211606,txt,2019,5,0.86
20250716211606,txt,2019,6,0.91
20250716211606,txt,2019,7,0.94
20250716211606,txt,2019,8,0.95
20250716211606,txt,2019,9,0.93
20250716211606,txt,2019,10,0.99
20250716211606,txt,2019,11,0.99
20250716211606,txt,2019,12,1.12
20250716211606,txt,2020,1,1.18
20250716211606,txt,2020,2,1.24
20250716211606,txt,2020,3,1.18
20250716211606,txt,2020,4,1.12
20250716211606,txt,2020,5,0.99
20250716211606,txt,2020,6,0.91
20250716211606,txt,2020,7,0.89
20250716211606,txt,2020,8,0.86
20250716211606,txt,2020,9,0.97
20250716211606,txt,2020,10,0.87
20250716211606,txt,2020,11,1.09
20250716211606,txt,2020,12,0.8
20250716211606,txt,2021,1,0.81
20250716211606,txt,2021,2,0.64
20250716211606,txt,2021,3,0.89
20250716211606,txt,2021,4,0.76
20250716211606,txt,2021,5,0.79
20250716211606,txt,2021,6,0.85
20250716211606,txt,2021,7,0.92
20250716211606,txt,2021,8,0.81
20250716211606,txt,2021,9,0.92
20250716211606,txt,2021,10,0.99
20250716211606,txt,2021,11,0.92
20250716211606,txt,2021,12,0.87
20250716211606,txt,2022,1,0.91
20250716211606,txt,2022,2,0.89
20250716211606,txt,2022,3,1.05
20250716211606,txt,2022,4,0.84
20250716211606,txt,2022,5,0.84
20250716211606,txt,2022,6,0.92
20250716211606,txt,2022,7,0.94
20250716211606,txt,2022,8,0.95
20250716211606,txt,2022,9,0.89
20250716211606,txt,2022,10,0.97
20250716211606,txt,2022,11,0.73
20250716211606,txt,2022,12,0.8
20250716211606,txt,2023,1,0.88
20250716211606,txt,2023,2,0.97
20250716211606,txt,2023,3,1.23
20250716211606,txt,2023,4,0.99
20250716211606,txt,2023,5,0.94
20250716211606,txt,2023,6,1.08
20250716211606,txt,2023,7,1.19
20250716211606,txt,2023,8,1.19
20250716211606,txt,2023,9,1.48
20250716211606,txt,2023,10,1.34
20250716211606,txt,2023,11,1.42
20250716211606,txt,2023,12,1.37
20250716211606,txt,2024,1,1.25
20250716211606,txt,2024,2,1.44
20250716211606,txt,2024,3,1.39
20250716211606,txt,2024,4,1.31
20250716211606,txt,2024,5,1.15
20250716211606,txt,2024,6,1.24
20250716211606,txt,2024,7,1.2
20250716211606,txt,2024,8,1.3
20250716211606,txt,2024,9,1.23
20250716211606,txt,2024,10,1.34
20250716211606,txt,2024,11,1.29
20250716211606,txt,2024,12,1.27
20250716211606,txt,2025,1,1.37
20250716211606,txt,2025,2,1.26
20250716211606,txt,2025,3,1.36
20250716211606,txt,2025,4,1.23
20250716211606,txt,2025,5,1.07
20250716211606,txt,2025,6,1.03
20250808130054,csv,2012,1,0.47
20250808130054,csv,2012,2,0.48
20250808130054,csv,2012,3,0.57
20250808130054,csv,2012,4,0.73
20250808130054,csv,2012,5,0.78
20250808130054,csv,2012,6,0.64
20250808130054,csv,2012,7,0.59
20250808130054,csv,2012,8,0.66
20250808130054,csv,2012,9,0.72
20250808130054,csv,2012,10,0.8
20250808130054,csv,2012,11,0.78
20250808130054,csv,2012,12,0.53
20250808130054,csv,2013,1,0.71
20250808130054,csv,2013,2,0.62
20250808130054,csv,2013,3,0.67
20250808130054,csv,2013,4,0.53
20250808130054,csv,2013,5,0.6
20250808130054,csv,2013,6,0.7
20250808130054,csv,2013,7,0.6
20250808130054,csv,2013,8,0.7
20250808130054,csv,2013,9,0.77
20250808130054,csv,2013,10,0.7
20250808130054,csv,2013,11,0.83
20250808130054,csv,2013,12,0.7
20250808130054,csv,2014,1,0.77
20250808130054,csv,2014,2,0.55
20250808130054,csv,2014,3,0.78
20250808130054,csv,2014,4,0.81
20250808130054,csv,2014,5,0.86
20250808130054,csv,2014,6,0.67
20250808130054,csv,2014,7,0.58
20250808130054,csv,2014,8,0.83
20250808130054,csv,2014,9,0.88
20250808130054,csv,2014,10,0.8
20250808130054,csv,2014,11,0.67
20250808130054,csv,2014,12,0.78
20250808130054,csv,2015,1,0.87
20250808130054,csv,2015,2,0.91
20250808130054,csv,2015,3,0.96
20250808130054,csv,2015,4,0.75
20250808130054,csv,2015,5,0.8
20250808130054,csv,2015,6,0.81
20250808130054,csv,2015,7,0.73
20250808130054,csv,2015,8,0.79
20250808130054,csv,2015,9,0.84
20250808130054,csv,2015,10,1.07
20250808130054,csv,2015,11,1.06
20250808130054,csv,2015,12,1.17
20250808130054,csv,2016,1,1.18
20250808130054,csv,2016,2,1.37
20250808130054,csv,2016,3,1.35
20250808130054,csv,2016,4,1.09
20250808130054,csv,2016,5,0.95
20250808130054,csv,2016,6,0.81
20250808130054,csv,2016,7,0.84
20250808130054,csv,2016,8,1.02
20250808130054,csv,2016,9,0.9
20250808130054,csv,2016,10,0.87
20250808130054,csv,2016,11,0.92
20250808130054,csv,2016,12,0.86
20250808130054,csv,2017,1,1.02
20250808130054,csv,2017,2,1.13
20250808130054,csv,2017,3,1.16
20250808130054,csv,2017,4,0.94
20250808130054,csv,2017,5,0.91
20250808130054,csv,2017,6,0.71
20250808130054,csv,2017,7,0.81
20250808130054,csv,2017,8,0.87
20250808130054,csv,2017,9,0.75
20250808130054,csv,2017,10,0.89
20250808130054,csv,2017,11,0.88
20250808130054,csv,2017,12,0.93
20250808130054,csv,2018,1,0.82
20250808130054,csv,2018,2,0.85
20250808130054,csv,2018,3,0.88
20250808130054,csv,2018,4,0.88
20250808130054,csv,2018,5,0.81
20250808130054,csv,2018,6,0.77
20250808130054,csv,2018,7,0.83
20250808130054,csv,2018,8,0.78
20250808130054,csv,2018,9,0.81
20250808130054,csv,2018,10,1.01
20250808130054,csv,2018,11,0.84
20250808130054,csv,2018,12,0.93
20250808130054,csv,2019,1,0.93
20250808130054,csv,2019,2,0.96
20250808130054,csv,2019,3,1.17
20250808130054,csv,2019,4,1.01
20250808130054,csv,2019,5,0.86
20250808130054,csv,2019,6,0.91
20250808130054,csv,2019,7,0.94
20250808130054,csv,2019,8,0.95
20250808130054,csv,2019,9,0.93
20250808130054,csv,2019,10,0.99
20250808130054,csv,2019,11,0.99
20250808130054,csv,2019,12,1.12
20250808130054,csv,2020,1,1.18
20250808130054,csv,2020,2,1.24
20250808130054,csv,2020,3,1.18
20250808130054,csv,2020,4,1.12
20250808130054,csv,2020,5,0.99
20250808130054,csv,2020,6,0.91
20250808130054,csv,2020,7,0.89
20250808130054,csv,2020,8,0.86
20250808130054,csv,2020,9,0.97
20250808130054,csv,2020,10,0.87
20250808130054,csv,2020,11,1.09
20250808130054,csv,2020,12,0.8
20250808130054,csv,2021,1,0.81
20250808130054,csv,2021,2,0.64
20250808130054,csv,2021,3,0.89
20250808130054,csv,2021,4,0.76
20250808130054,csv,2021,5,0.79
20250808130054,csv,2021,6,0.85
20250808130054,csv,2021,7,0.92
20250808130054,csv,2021,8,0.81
20250808130054,csv,2021,9,0.92
20250808130054,csv,2021,10,0.99
20250808130054,csv,2021,11,0.92
20250808130054,csv,2021,12,0.87
20250808130054,csv,2022,1,0.91
20250808130054,csv,2022,2,0.89
20250808130054,csv,2022,3,1.05
20250808130054,csv,2022,4,0.84
20250808130054,csv,2022,5,0.84
20250808130054,csv,2022,6,0.92
20250808130054,csv,2022,7,0.94
20250808130054,csv,2022,8,0.95
20250808130054,csv,2022,9,0.89
20250808130054,csv,2022,10,0.97
20250808130054,csv,2022,11,0.73
20250808130054,csv,2022,12,0.8
20250808130054,csv,2023,1,0.88
20250808130054,csv,2023,2,0.97
20250808130054,csv,2023,3,1.23
20250808130054,csv,2023,4,0.99
20250808130054,csv,2023,5,0.94
20250808130054,csv,2023,6,1.08
20250808130054,csv,2023,7,1.19
20250808130054,csv,2023,8,1.19
20250808130054,csv,2023,9,1.48
20250808130054,csv,2023,10,1.34
20250808130054,csv,2023,11,1.42
20250808130054,csv,2023,12,1.37
20250808130054,csv,2024,1,1.25
20250808130054,csv,2024,2,1.44
20250808130054,csv,2024,3,1.39
20250808130054,csv,2024,4,1.31
20250808130054,csv,2024,5,1.15
20250808130054,csv,2024,6,1.24
20250808130054,csv,2024,7,1.2
20250808130054,csv,2024,8,1.3
20250808130054,csv,2024,9,1.23
20250808130054,csv,2024,10,1.34
20250808130054,csv,2024,11,1.29
20250808130054,csv,2024,12,1.27
20250808130054,csv,2025,1,1.37
20250808130054,csv,2025,2,1.26
20250808130054,csv,2025,3,1.36
20250808130054,csv,2025,4,1.23
20250808130054,csv,2025,5,1.07
20250808130054,csv,2025,6,1.03
20250808225202,txt,2012,1,0.47
20250808225202,txt,2012,2,0.48
20250808225202,txt,2012,3,0.57
20250808225202,txt,2012,4,0.73
20250808225202,txt,2012,5,0.78
20250808225202,txt,2012,6,0.65
20250808225202,txt,2012,7,0.59
20250808225202,txt,2012,8,0.66
20250808225202,txt,2012,9,0.72
20250808225202,txt,2012,10,0.8
20250808225202,txt,2012,11,0.78
20250808225202,txt,2012,12,0.53
20250808225202,txt,2013,1,0.71
20250808225202,txt,2013,2,0.62
20250808225202,txt,2013,3,0.67
20250808225202,txt,2013,4,0.53
20250808225202,txt,2013,5,0.6
20250808225202,txt,2013,6,0.7
20250808225202,txt,2013,7,0.6
20250808225202,txt,2013,8,0.7
20250808225202,txt,2013,9,0.77
20250808225202,txt,2013,10,0.7
20250808225202,txt,2013,11,0.83
20250808225202,txt,2013,12,0.7
20250808225202,txt,2014,1,0.77
20250808225202,txt,2014,2,0.55
20250808225202,txt,2014,3,0.78
20250808225202,txt,2014,4,0.81
20250808225202,txt,2014,5,0.86
20250808225202,txt,2014,6,0.67
20250808225202,txt,2014,7,0.58
20250808225202,txt,2014,8,0.83
20250808225202,txt,2014,9,0.88
20250808225202,txt,2014,10,0.8
20250808225202,txt,2014,11,0.67
20250808225202,txt,2014,12,0.78
20250808225202,txt,2015,1,0.87
20250808225202,txt,2015,2,0.91
20250808225202,txt,2015,3,0.96
20250808225202,txt,2015,4,0.75
20250808225202,txt,2015,5,0.8
20250808225202,txt,2015,6,0.81
20250808225202,txt,2015,7,0.73
20250808225202,txt,2015,8,0.79
20250808225202,txt,2015,9,0.84
20250808225202,txt,2015,10,1.07
20250808225202,txt,2015,11,1.06
20250808225202,txt,2015,12,1.17
20250808225202,txt,2016,1,1.18
20250808225202,txt,2016,2,1.37
20250808225202,txt,2016,3,1.35
20250808225202,txt,2016,4,1.09
20250808225202,txt,2016,5,0.96
20250808225202,txt,2016,6,0.81
20250808225202,txt,2016,7,0.84
20250808225202,txt,2016,8,1.02
20250808225202,txt,2016,9,0.9
20250808225202,txt,2016,10,0.87
20250808225202,txt,2016,11,0.92
20250808225202,txt,2016,12,0.86
20250808225202,txt,2017,1,1.02
20250808225202,txt,2017,2,1.13
20250808225202,txt,2017,3,1.16
20250808225202,txt,2017,4,0.94
20250808225202,txt,2017,5,0.91
20250808225202,txt,2017,6,0.71
20250808225202,txt,2017,7,0.82
20250808225202,txt,2017,8,0.87
20250808225202,txt,2017,9,0.75
20250808225202,txt,2017,10,0.89
20250808225202,txt,2017,11,0.88
20250808225202,txt,2017,12,0.93
20250808225202,txt,2018,1,0.82
20250808225202,txt,2018,2,0.85
20250808225202,txt,2018,3,0.88
20250808225202,txt,2018,4,0.88
20250808225202,txt,2018,5,0.81
20250808225202,txt,2018,6,0.76
20250808225202,txt,2018,7,0.83
20250808225202,txt,2018,8,0.78
20250808225202,txt,2018,9,0.8
20250808225202,txt,2018,10,1.01
20250808225202,txt,2018,11,0.83
20250808225202,txt,2018,12,0.92
20250808225202,txt,2019,1,0.93
20250808225202,txt,2019,2,0.95
20250808225202,txt,2019,3,1.17
20250808225202,txt,2019,4,1.01
20250808225202,txt,2019,5,0.86
20250808225202,txt,2019,6,0.9
20250808225202,txt,2019,7,0.94
20250808225202,txt,2019,8,0.95
20250808225202,txt,2019,9,0.93
20250808225202,txt,2019,10,0.99
20250808225202,txt,2019,11,0.99
20250808225202,txt,2019,12,1.11
20250808225202,txt,2020,1,1.18
20250808225202,txt,2020,2,1.24
20250808225202,txt,2020,3,1.18
20250808225202,txt,2020,4,1.12
20250808225202,txt,2020,5,0.99
20250808225202,txt,2020,6,0.91
20250808225202,txt,2020,7,0.89
20250808225202,txt,2020,8,0.86
20250808225202,txt,2020,9,0.96
20250808225202,txt,2020,10,0.87
20250808225202,txt,2020,11,1.09
20250808225202,txt,2020,12,0.79
20250808225202,txt,2021,1,0.81
20250808225202,txt,2021,2,0.64
20250808225202,txt,2021,3,0.89
20250808225202,txt,2021,4,0.76
20250808225202,txt,2021,5,0.79
20250808225202,txt,2021,6,0.85
20250808225202,txt,2021,7,0.92
20250808225202,txt,2021,8,0.81
20250808225202,txt,2021,9,0.92
20250808225202,txt,2021,10,0.99
20250808225202,txt,2021,11,0.92
20250808225202,txt,2021,12,0.87
20250808225202,txt,2022,1,0.91
20250808225202,txt,2022,2,0.89
20250808225202,txt,2022,3,1.04
20250808225202,txt,2022,4,0.83
20250808225202,txt,2022,5,0.84
20250808225202,txt,2022,6,0.92
20250808225202,txt,2022,7,0.94
20250808225202,txt,2022,8,0.95
20250808225202,txt,2022,9,0.89
20250808225202,txt,2022,10,0.97
20250808225202,txt,2022,11,0.73
20250808225202,txt,2022,12,0.8
20250808225202,txt,2023,1,0.88
20250808225202,txt,2023,2,0.97
20250808225202,txt,2023,3,1.23
20250808225202,txt,2023,4,0.99
20250808225202,txt,2023,5,0.94
20250808225202,txt,2023,6,1.08
20250808225202,txt,2023,7,1.19
20250808225202,txt,2023,8,1.19
20250808225202,txt,2023,9,1.48
20250808225202,txt,2023,10,1.34
20250808225202,txt,2023,11,1.41
20250808225202,txt,2023,12,1.37
20250808225202,txt,2024,1,1.25
20250808225202,txt,2024,2,1.44
20250808225202,txt,2024,3,1.39
20250808225202,txt,2024,4,1.31
20250808225202,txt,2024,5,1.14
20250808225202,txt,2024,6,1.2
20250808225202,txt,2024,7,1.19
20250808225202,txt,2024,8,1.3
20250808225202,txt,2024,9,1.23
20250808225202,txt,2024,10,1.33
20250808225202,txt,2024,11,1.29
20250808225202,txt,2024,12,1.27
20250808225202,txt,2025,1,1.37
20250808225202,txt,2025,2,1.26
20250808225202,txt,2025,3,1.36
20250808225202,txt,2025,4,1.23
20250808225202,txt,2025,5,1.07
20250808225202,txt,2025,6,1.04
20250808225202,txt,2025,7,1.03
20250819075759,csv,2012,1,0.47
20250819075759,csv,2012,2,0.48
20250819075759,csv,2012,3,0.57
20250819075759,csv,2012,4,0.73
20250819075759,csv,2012,5,0.78
20250819075759,csv,2012,6,0.65
20250819075759,csv,2012,7,0.59
20250819075759,csv,2012,8,0.66
20250819075759,csv,2012,9,0.72
20250819075759,csv,2012,10,0.8
20250819075759,csv,2012,11,0.78
20250819075759,csv,2012,12,0.53
20250819075759,csv,2013,1,0.71
20250819075759,csv,2013,2,0.62
20250819075759,csv,2013,3,0.67
20250819075759,csv,2013,4,0.53
20250819075759,csv,2013,5,0.6
20250819075759,csv,2013,6,0.7
20250819075759,csv,2013,7,0.6
20250819075759,csv,2013,8,0.7
20250819075759,csv,2013,9,0.77
20250819075759,csv,2013,10,0.7
20250819075759,csv,2013,11,0.83
20250819075759,csv,2013,12,0.7
20250819075759,csv,2014,1,0.77
20250819075759,csv,2014,2,0.55
20250819075759,csv,2014,3,0.78
20250819075759,csv,2014,4,0.81
20250819075759,csv,2014,5,0.86
20250819075759,csv,2014,6,0.67
20250819075759,csv,2014,7,0.58
20250819075759,csv,2014,8,0.83
20250819075759,csv,2014,9,0.88
20250819075759,csv,2014,10,0.8
20250819075759,csv,2014,11,0.67
20250819075759,csv,2014,12,0.78
20250819075759,csv,2015,1,0.87
20250819075759,csv,2015,2,0.91
20250819075759,csv,2015,3,0.96
20250819075759,csv,2015,4,0.75
20250819075759,csv,2015,5,0.8
20250819075759,csv,2015,6,0.81
20250819075759,csv,2015,7,0.73
20250819075759,csv,2015,8,0.79
20250819075759,csv,2015,9,0.84
20250819075759,csv,2015,10,1.07
20250819075759,csv,2015,11,1.06
20250819075759,csv,2015,12,1.17
20250819075759,csv,2016,1,1.18
20250819075759,csv,2016,2,1.37
20250819075759,csv,2016,3,1.35
20250819075759,csv,2016,4,1.09
20250819075759,csv,2016,5,0.96
20250819075759,csv,2016,6,0.81
20250819075759,csv,2016,7,0.84
20250819075759,csv,2016,8,1.02
20250819075759,csv,2016,9,0.9
20250819075759,csv,2016,10,0.87
20250819075759,csv,2016,11,0.92
20250819075759,csv,2016,12,0.86
20250819075759,csv,2017,1,1.02
20250819075759,csv,2017,2,1.13
20250819075759,csv,2017,3,1.16
20250819075759,csv,2017,4,0.94
20250819075759,csv,2017,5,0.91
20250819075759,csv,2017,6,0.71
20250819075759,csv,2017,7,0.82
20250819075759,csv,2017,8,0.87
20250819075759,csv,2017,9,0.75
20250819075759,csv,2017,10,0.89
20250819075759,csv,2017,11,0.88
20250819075759,csv,2017,12,0.93
20250819075759,csv,2018,1,0.82
20250819075759,csv,2018,2,0.85
20250819075759,csv,2018,3,0.88
20250819075759,csv,2018,4,0.88
20250819075759,csv,2018,5,0.81
20250819075759,csv,2018,6,0.76
20250819075759,csv,2018,7,0.83
20250819075759,csv,2018,8,0.78
20250819075759,csv,2018,9,0.8
20250819075759,csv,2018,10,1.01
20250819075759,csv,2018,11,0.83
20250819075759,csv,2018,12,0.92
20250819075759,csv,2019,1,0.93
20250819075759,csv,2019,2,0.95
20250819075759,csv,2019,3,1.17
20250819075759,csv,2019,4,1.01
20250819075759,csv,2019,5,0.86
20250819075759,csv,2019,6,0.9
20250819075759,csv,2019,7,0.94
20250819075759,csv,2019,8,0.95
20250819075759,csv,2019,9,0.93
20250819075759,csv,2019,10,0.99
20250819075759,csv,2019,11,0.99
20250819075759,csv,2019,12,1.11
20250819075759,csv,2020,1,1.18
20250819075759,csv,2020,2,1.24
20250819075759,csv,2020,3,1.18
20250819075759,csv,2020,4,1.12
20250819075759,csv,2020,5,0.99
20250819075759,csv,2020,6,0.91
20250819075759,csv,2020,7,0.89
20250819075759,csv,2020,8,0.86
20250819075759,csv,2020,9,0.96
20250819075759,csv,2020,10,0.87
20250819075759,csv,2020,11,1.09
20250819075759,csv,2020,12,0.79
20250819075759,csv,2021,1,0.81
20250819075759,csv,2021,2,0.64
20250819075759,csv,2021,3,0.89
20250819075759,csv,2021,4,0.76
20250819075759,csv,2021,5,0.79
20250819075759,csv,2021,6,0.85
20250819075759,csv,2021,7,0.92
20250819075759,csv,2021,8,0.81
20250819075759,csv,2021,9,0.92
20250819075759,csv,2021,10,0.99
20250819075759,csv,2021,11,0.92
20250819075759,csv,2021,12,0.87
20250819075759,csv,2022,1,0.91
20250819075759,csv,2022,2,0.89
20250819075759,csv,2022,3,1.04
20250819075759,csv,2022,4,0.83
20250819075759,csv,2022,5,0.84
20250819075759,csv,2022,6,0.92
20250819075759,csv,2022,7,0.94
20250819075759,csv,2022,8,0.95
20250819075759,csv,2022,9,0.89
20250819075759,csv,2022,10,0.97
20250819075759,csv,2022,11,0.73
20250819075759,csv,2022,12,0.8
20250819075759,csv,2023,1,0.88
20250819075759,csv,2023,2,0.97
20250819075759,csv,2023,3,1.23
20250819075759,csv,2023,4,0.99
20250819075759,csv,2023,5,0.94
20250819075759,csv,2023,6,1.08
20250819075759,csv,2023,7,1.19
20250819075759,csv,2023,8,1.19
20250819075759,csv,2023,9,1.48
20250819075759,csv,2023,10,1.34
20250819075759,csv,2023,11,1.41
20250819075759,csv,2023,12,1.37
20250819075759,csv,2024,1,1.25
20250819075759,csv,2024,2,1.44
20250819075759,csv,2024,3,1.39
20250819075759,csv,2024,4,1.31
20250819075759,csv,2024,5,1.14
20250819075759,csv,2024,6,1.2
20250819075759,csv,2024,7,1.19
20250819075759,csv,2024,8,1.3
20250819075759,csv,2024,9,1.23
20250819075759,csv,2024,10,1.33
20250819075759,csv,2024,11,1.29
20250819075759,csv,2024,12,1.27
20250819075759,csv,2025,1,1.37
20250819075759,csv,2025,2,1.26
20250819075759,csv,2025,3,1.36
20250819075759,csv,2025,4,1.23
20250819075759,csv,2025,5,1.07
20250819075759,csv,2025,6,1.04
20250819075759,csv,2025,7,1.03
20250918035941,txt,2012,1,0.47
20250918035941,txt,2012,2,0.48
20250918035941,txt,2012,3,0.56
20250918035941,txt,2012,4,0.73
20250918035941,txt,2012,5,0.78
20250918035941,txt,2012,6,0.65
20250918035941,txt,2012,7,0.59
20250918035941,txt,2012,8,0.66
20250918035941,txt,2012,9,0.72
20250918035941,txt,2012,10,0.8
20250918035941,txt,2012,11,0.78
20250918035941,txt,2012,12,0.52
20250918035941,txt,2013,1,0.71
20250918035941,txt,2013,2,0.62
20250918035941,txt,2013,3,0.67
20250918035941,txt,2013,4,0.53
20250918035941,txt,2013,5,0.6
20250918035941,txt,2013,6,0.7
20250918035941,txt,2013,7,0.6
20250918035941,txt,2013,8,0.7
20250918035941,txt,2013,9,0.77
20250918035941,txt,2013,10,0.7
20250918035941,txt,2013,11,0.83
20250918035941,txt,2013,12,0.7
20250918035941,txt,2014,1,0.77
20250918035941,txt,2014,2,0.55
20250918035941,txt,2014,3,0.78
20250918035941,txt,2014,4,0.81
20250918035941,txt,2014,5,0.86
20250918035941,txt,2014,6,0.67
20250918035941,txt,2014,7,0.58
20250918035941,txt,2014,8,0.83
20250918035941,txt,2014,9,0.88
20250918035941,txt,2014,10,0.8
20250918035941,txt,2014,11,0.67
20250918035941,txt,2014,12,0.78
20250918035941,txt,2015,1,0.87
20250918035941,txt,2015,2,0.91
20250918035941,txt,2015,3,0.96
20250918035941,txt,2015,4,0.75
20250918035941,txt,2015,5,0.8
20250918035941,txt,2015,6,0.81
20250918035941,txt,2015,7,0.73
20250918035941,txt,2015,8,0.79
20250918035941,txt,2015,9,0.84
20250918035941,txt,2015,10,1.07
20250918035941,txt,2015,11,1.06
20250918035941,txt,2015,12,1.17
20250918035941,txt,2016,1,1.18
20250918035941,txt,2016,2,1.36
20250918035941,txt,2016,3,1.35
20250918035941,txt,2016,4,1.09
20250918035941,txt,2016,5,0.95
20250918035941,txt,2016,6,0.81
20250918035941,txt,2016,7,0.84
20250918035941,txt,2016,8,1.02
20250918035941,txt,2016,9,0.9
20250918035941,txt,2016,10,0.87
20250918035941,txt,2016,11,0.92
20250918035941,txt,2016,12,0.86
20250918035941,txt,2017,1,1.02
20250918035941,txt,2017,2,1.13
20250918035941,txt,2017,3,1.16
20250918035941,txt,2017,4,0.94
20250918035941,txt,2017,5,0.91
20250918035941,txt,2017,6,0.71
20250918035941,txt,2017,7,0.82
20250918035941,txt,2017,8,0.87
20250918035941,txt,2017,9,0.75
20250918035941,txt,2017,10,0.89
20250918035941,txt,2017,11,0.88
20250918035941,txt,2017,12,0.93
20250918035941,txt,2018,1,0.82
20250918035941,txt,2018,2,0.85
20250918035941,txt,2018,3,0.88
20250918035941,txt,2018,4,0.88
20250918035941,txt,2018,5,0.81
20250918035941,txt,2018,6,0.76
20250918035941,txt,2018,7,0.83
20250918035941,txt,2018,8,0.78
20250918035941,txt,2018,9,0.8
20250918035941,txt,2018,10,1.01
20250918035941,txt,2018,11,0.83
20250918035941,txt,2018,12,0.92
20250918035941,txt,2019,1,0.93
20250918035941,txt,2019,2,0.95
20250918035941,txt,2019,3,1.17
20250918035941,txt,2019,4,1.01
20250918035941,txt,2019,5,0.86
20250918035941,txt,2019,6,0.9
20250918035941,txt,2019,7,0.93
20250918035941,txt,2019,8,0.95
20250918035941,txt,2019,9,0.93
20250918035941,txt,2019,10,0.99
20250918035941,txt,2019,11,0.99
20250918035941,txt,2019,12,1.11
20250918035941,txt,2020,1,1.17
20250918035941,txt,2020,2,1.24
20250918035941,txt,2020,3,1.18
20250918035941,txt,2020,4,1.12
20250918035941,txt,2020,5,0.99
20250918035941,txt,2020,6,0.91
20250918035941,txt,2020,7,0.89
20250918035941,txt,2020,8,0.86
20250918035941,txt,2020,9,0.96
20250918035941,txt,2020,10,0.87
20250918035941,txt,2020,11,1.09
20250918035941,txt,2020,12,0.79
20250918035941,txt,2021,1,0.81
20250918035941,txt,2021,2,0.64
20250918035941,txt,2021,3,0.89
20250918035941,txt,2021,4,0.76
20250918035941,txt,2021,5,0.79
20250918035941,txt,2021,6,0.84
20250918035941,txt,2021,7,0.92
20250918035941,txt,2021,8,0.81
20250918035941,txt,2021,9,0.92
20250918035941,txt,2021,10,0.98
20250918035941,txt,2021,11,0.92
20250918035941,txt,2021,12,0.87
20250918035941,txt,2022,1,0.91
20250918035941,txt,2022,2,0.89
20250918035941,txt,2022,3,1.04
20250918035941,txt,2022,4,0.83
20250918035941,txt,2022,5,0.84
20250918035941,txt,2022,6,0.92
20250918035941,txt,2022,7,0.94
20250918035941,txt,2022,8,0.95
20250918035941,txt,2022,9,0.89
20250918035941,txt,2022,10,0.96
20250918035941,txt,2022,11,0.73
20250918035941,txt,2022,12,0.8
20250918035941,txt,2023,1,0.87
20250918035941,txt,2023,2,0.97
20250918035941,txt,2023,3,1.23
20250918035941,txt,2023,4,0.99
20250918035941,txt,2023,5,0.94
20250918035941,txt,2023,6,1.08
20250918035941,txt,2023,7,1.19
20250918035941,txt,2023,8,1.19
20250918035941,txt,2023,9,1.48
20250918035941,txt,2023,10,1.34
20250918035941,txt,2023,11,1.41
20250918035941,txt,2023,12,1.37
20250918035941,txt,2024,1,1.25
20250918035941,txt,2024,2,1.44
20250918035941,txt,2024,3,1.39
20250918035941,txt,2024,4,1.31
20250918035941,txt,2024,5,1.14
20250918035941,txt,2024,6,1.2
20250918035941,txt,2024,7,1.2
20250918035941,txt,2024,8,1.3
20250918035941,txt,2024,9,1.23
20250918035941,txt,2024,10,1.34
20250918035941,txt,2024,11,1.29
20250918035941,txt,2024,12,1.27
20250918035941,txt,2025,1,1.37
20250918035941,txt,2025,2,1.25
20250918035941,txt,2025,3,1.36
20250918035941,txt,2025,4,1.23
20250918035941,txt,2025,5,1.07
20250918035941,txt,2025,6,1.05
20250918035941,txt,2025,7,1.01
20250918035941,txt,2025,8,1.14
20250927134917,csv,2012,1,0.47
20250927134917,csv,2012,2,0.48
20250927134917,csv,2012,3,0.56
20250927134917,csv,2012,4,0.73
20250927134917,csv,2012,5,0.78
20250927134917,csv,2012,6,0.65
20250927134917,csv,2012,7,0.59
20250927134917,csv,2012,8,0.66
20250927134917,csv,2012,9,0.72
20250927134917,csv,2012,10,0.8
20250927134917,csv,2012,11,0.78
20250927134917,csv,2012,12,0.52
20250927134917,csv,2013,1,0.71
20250927134917,csv,2013,2,0.62
20250927134917,csv,2013,3,0.67
20250927134917,csv,2013,4,0.53
20250927134917,csv,2013,5,0.6
20250927134917,csv,2013,6,0.7
20250927134917,csv,2013,7,0.6
20250927134917,csv,2013,8,0.7
20250927134917,csv,2013,9,0.77
20250927134917,csv,2013,10,0.7
20250927134917,csv,2013,11,0.83
20250927134917,csv,2013,12,0.7
20250927134917,csv,2014,1,0.77
20250927134917,csv,2014,2,0.55
20250927134917,csv,2014,3,0.78
20250927134917,csv,2014,4,0.81
20250927134917,csv,2014,5,0.86
20250927134917,csv,2014,6,0.67
20250927134917,csv,2014,7,0.58
20250927134917,csv,2014,8,0.83
20250927134917,csv,2014,9,0.88
20250927134917,csv,2014,10,0.8
20250927134917,csv,2014,11,0.67
20250927134917,csv,2014,12,0.78
20250927134917,csv,2015,1,0.87
20250927134917,csv,2015,2,0.91
20250927134917,csv,2015,3,0.96
20250927134917,csv,2015,4,0.75
20250927134917,csv,2015,5,0.8
20250927134917,csv,2015,6,0.81
20250927134917,csv,2015,7,0.73
20250927134917,csv,2015,8,0.79
20250927134917,csv,2015,9,0.84
20250927134917,csv,2015,10,1.07
20250927134917,csv,2015,11,1.06
20250927134917,csv,2015,12,1.17
20250927134917,csv,2016,1,1.18
20250927134917,csv,2016,2,1.36
20250927134917,csv,2016,3,1.35
20250927134917,csv,2016,4,1.09
20250927134917,csv,2016,5,0.95
20250927134917,csv,2016,6,0.81
20250927134917,csv,2016,7,0.84
20250927134917,csv,2016,8,1.02
20250927134917,csv,2016,9,0.9
20250927134917,csv,2016,10,0.87
20250927134917,csv,2016,11,0.92
20250927134917,csv,2016,12,0.86
20250927134917,csv,2017,1,1.02
20250927134917,csv,2017,2,1.13
20250927134917,csv,2017,3,1.16
20250927134917,csv,2017,4,0.94
20250927134917,csv,2017,5,0.91
20250927134917,csv,2017,6,0.71
20250927134917,csv,2017,7,0.82
20250927134917,csv,2017,8,0.87
20250927134917,csv,2017,9,0.75
20250927134917,csv,2017,10,0.89
20250927134917,csv,2017,11,0.88
20250927134917,csv,2017,12,0.93
20250927134917,csv,2018,1,0.82
20250927134917,csv,2018,2,0.85
20250927134917,csv,2018,3,0.88
20250927134917,csv,2018,4,0.88
20250927134917,csv,2018,5,0.81
20250927134917,csv,2018,6,0.76
20250927134917,csv,2018,7,0.83
20250927134917,csv,2018,8,0.78
20250927134917,csv,2018,9,0.8
20250927134917,csv,2018,10,1.01
20250927134917,csv,2018,11,0.83
20250927134917,csv,2018,12,0.92
20250927134917,csv,2019,1,0.93
20250927134917,csv,2019,2,0.95
20250927134917,csv,2019,3,1.17
20250927134917,csv,2019,4,1.01
20250927134917,csv,2019,5,0.86
20250927134917,csv,2019,6,0.9
20250927134917,csv,2019,7,0.93
20250927134917,csv,2019,8,0.95
20250927134917,csv,2019,9,0.93
20250927134917,csv,2019,10,0.99
20250927134917,csv,2019,11,0.99
20250927134917,csv,2019,12,1.11
20250927134917,csv,2020,1,1.17
20250927134917,csv,2020,2,1.24
20250927134917,csv,2020,3,1.18
20250927134917,csv,2020,4,1.12
20250927134917,csv,2020,5,0.99
20250927134917,csv,2020,6,0.91
20250927134917,csv,2020,7,0.89
20250927134917,csv,2020,8,0.86
20250927134917,csv,2020,9,0.96
20250927134917,csv,2020,10,0.87
20250927134917,csv,2020,11,1.09
20250927134917,csv,2020,12,0.79
20250927134917,csv,2021,1,0.81
20250927134917,csv,2021,2,0.64
20250927134917,csv,2021,3,0.89
20250927134917,csv,2021,4,0.76
20250927134917,csv,2021,5,0.79
20250927134917,csv,2021,6,0.84
20250927134917,csv,2021,7,0.92
20250927134917,csv,2021,8,0.81
20250927134917,csv,2021,9,0.92
20250927134917,csv,2021,10,0.98
20250927134917,csv,2021,11,0.92
20250927134917,csv,2021,12,0.87
20250927134917,csv,2022,1,0.91
20250927134917,csv,2022,2,0.89
20250927134917,csv,2022,3,1.04
20250927134917,csv,2022,4,0.83
20250927134917,csv,2022,5,0.84
20250927134917,csv,2022,6,0.92
20250927134917,csv,2022,7,0.94
20250927134917,csv,2022,8,0.95
20250927134917,csv,2022,9,0.89
20250927134917,csv,2022,10,0.96
20250927134917,csv,2022,11,0.73
20250927134917,csv,2022,12,0.8
20250927134917,csv,2023,1,0.87
20250927134917,csv,2023,2,0.97
20250927134917,csv,2023,3,1.23
20250927134917,csv,2023,4,0.99
20250927134917,csv,2023,5,0.94
20250927134917,csv,2023,6,1.08
20250927134917,csv,2023,7,1.19
20250927134917,csv,2023,8,1.19
20250927134917,csv,2023,9,1.48
20250927134917,csv,2023,10,1.34
20250927134917,csv,2023,11,1.41
20250927134917,csv,2023,12,1.37
20250927134917,csv,2024,1,1.25
20250927134917,csv,2024,2,1.44
20250927134917,csv,2024,3,1.39
20250927134917,csv,2024,4,1.31
20250927134917,csv,2024,5,1.14
20250927134917,csv,2024,6,1.2
20250927134917,csv,2024,7,1.2
20250927134917,csv,2024,8,1.3
20250927134917,csv,2024,9,1.23
20250927134917,csv,2024,10,1.34
20250927134917,csv,2024,11,1.29
20250927134917,csv,2024,12,1.27
20250927134917,csv,2025,1,1.37
20250927134917,csv,2025,2,1.25
20250927134917,csv,2025,3,1.36
20250927134917,csv,2025,4,1.23
20250927134917,csv,2025,5,1.07
20250927134917,csv,2025,6,1.05
20250927134917,csv,2025,7,1.01
20250927134917,csv,2025,8,1.14
20251116235341,txt,2012,1,0.46
20251116235341,txt,2012,2,0.48
20251116235341,txt,2012,3,0.56
20251116235341,txt,2012,4,0.72
20251116235341,txt,2012,5,0.78
20251116235341,txt,2012,6,0.65
20251116235341,txt,2012,7,0.58
20251116235341,txt,2012,8,0.65
20251116235341,txt,2012,9,0.71
20251116235341,txt,2012,10,0.79
20251116235341,txt,2012,11,0.78
20251116235341,txt,2012,12,0.52
20251116235341,txt,2013,1,0.71
20251116235341,txt,2013,2,0.61
20251116235341,txt,2013,3,0.67
20251116235341,txt,2013,4,0.53
20251116235341,txt,2013,5,0.6
20251116235341,txt,2013,6,0.7
20251116235341,txt,2013,7,0.59
20251116235341,txt,2013,8,0.7
20251116235341,txt,2013,9,0.76
20251116235341,txt,2013,10,0.69
20251116235341,txt,2013,11,0.83
20251116235341,txt,2013,12,0.69
20251116235341,txt,2014,1,0.76
20251116235341,txt,2014,2,0.54
20251116235341,txt,2014,3,0.77
20251116235341,txt,2014,4,0.8
20251116235341,txt,2014,5,0.86
20251116235341,txt,2014,6,0.67
20251116235341,txt,2014,7,0.58
20251116235341,txt,2014,8,0.83
20251116235341,txt,2014,9,0.87
20251116235341,txt,2014,10,0.8
20251116235341,txt,2014,11,0.67
20251116235341,txt,2014,12,0.78
20251116235341,txt,2015,1,0.87
20251116235341,txt,2015,2,0.91
20251116235341,txt,2015,3,0.96
20251116235341,txt,2015,4,0.75
20251116235341,txt,2015,5,0.79
20251116235341,txt,2015,6,0.81
20251116235341,txt,2015,7,0.73
20251116235341,txt,2015,8,0.79
20251116235341,txt,2015,9,0.83
20251116235341,txt,2015,10,1.07
20251116235341,txt,2015,11,1.06
20251116235341,txt,2015,12,1.17
20251116235341,txt,2016,1,1.18
20251116235341,txt,2016,2,1.36
20251116235341,txt,2016,3,1.35
20251116235341,txt,2016,4,1.09
20251116235341,txt,2016,5,0.95
20251116235341,txt,2016,6,0.8
20251116235341,txt,2016,7,0.84
20251116235341,txt,2016,8,1.01
20251116235341,txt,2016,9,0.9
20251116235341,txt,2016,10,0.87
20251116235341,txt,2016,11,0.91
20251116235341,txt,2016,12,0.86
20251116235341,txt,2017,1,1.02
20251116235341,txt,2017,2,1.13
20251116235341,txt,2017,3,1.16
20251116235341,txt,2017,4,0.93
20251116235341,txt,2017,5,0.91
20251116235341,txt,2017,6,0.7
20251116235341,txt,2017,7,0.81
20251116235341,txt,2017,8,0.87
20251116235341,txt,2017,9,0.74
20251116235341,txt,2017,10,0.88
20251116235341,txt,2017,11,0.88
20251116235341,txt,2017,12,0.93
20251116235341,txt,2018,1,0.82
20251116235341,txt,2018,2,0.84
20251116235341,txt,2018,3,0.88
20251116235341,txt,2018,4,0.88
20251116235341,txt,2018,5,0.81
20251116235341,txt,2018,6,0.76
20251116235341,txt,2018,7,0.83
20251116235341,txt,2018,8,0.77
20251116235341,txt,2018,9,0.8
20251116235341,txt,2018,10,1.01
20251116235341,txt,2018,11,0.83
20251116235341,txt,2018,12,0.92
20251116235341,txt,2019,1,0.93
20251116235341,txt,2019,2,0.95
20251116235341,txt,2019,3,1.17
20251116235341,txt,2019,4,1.0
20251116235341,txt,2019,5,0.86
20251116235341,txt,2019,6,0.9
20251116235341,txt,2019,7,0.93
20251116235341,txt,2019,8,0.94
20251116235341,txt,2019,9,0.93
20251116235341,txt,2019,10,1.0
20251116235341,txt,2019,11,0.98
20251116235341,txt,2019,12,1.11
20251116235341,txt,2020,1,1.17
20251116235341,txt,2020,2,1.24
20251116235341,txt,2020,3,1.18
20251116235341,txt,2020,4,1.12
20251116235341,txt,2020,5,0.99
20251116235341,txt,2020,6,0.91
20251116235341,txt,2020,7,0.89
20251116235341,txt,2020,8,0.86
20251116235341,txt,2020,9,0.96
20251116235341,txt,2020,10,0.87
20251116235341,txt,2020,11,1.09
20251116235341,txt,2020,12,0.79
20251116235341,txt,2021,1,0.81
20251116235341,txt,2021,2,0.64
20251116235341,txt,2021,3,0.89
20251116235341,txt,2021,4,0.75
20251116235341,txt,2021,5,0.79
20251116235341,txt,2021,6,0.84
20251116235341,txt,2021,7,0.92
20251116235341,txt,2021,8,0.81
20251116235341,txt,2021,9,0.92
20251116235341,txt,2021,10,0.98
20251116235341,txt,2021,11,0.92
20251116235341,txt,2021,12,0.87
20251116235341,txt,2022,1,0.91
20251116235341,txt,2022,2,0.89
20251116235341,txt,2022,3,1.04
20251116235341,txt,2022,4,0.83
20251116235341,txt,2022,5,0.84
20251116235341,txt,2022,6,0.92
20251116235341,txt,2022,7,0.94
20251116235341,txt,2022,8,0.95
20251116235341,txt,2022,9,0.88
20251116235341,txt,2022,10,0.97
20251116235341,txt,2022,11,0.73
20251116235341,txt,2022,12,0.8
20251116235341,txt,2023,1,0.87
20251116235341,txt,2023,2,0.97
20251116235341,txt,2023,3,1.23
20251116235341,txt,2023,4,0.99
20251116235341,txt,2023,5,0.94
20251116235341,txt,2023,6,1.08
20251116235341,txt,2023,7,1.19
20251116235341,txt,2023,8,1.19
20251116235341,txt,2023,9,1.48
20251116235341,txt,2023,10,1.34
20251116235341,txt,2023,11,1.41
20251116235341,txt,2023,12,1.37
20251116235341,txt,2024,1,1.25
20251116235341,txt,2024,2,1.44
20251116235341,txt,2024,3,1.39
20251116235341,txt,2024,4,1.31
20251116235341,txt,2024,5,1.14
20251116235341,txt,2024,6,1.2
20251116235341,txt,2024,7,1.2
20251116235341,txt,2024,8,1.29
20251116235341,txt,2024,9,1.24
20251116235341,txt,2024,10,1.33
20251116235341,txt,2024,11,1.29
20251116235341,txt,2024,12,1.27
20251116235341,txt,2025,1,1.37
20251116235341,txt,2025,2,1.25
20251116235341,txt,2025,3,1.36
20251116235341,txt,2025,4,1.23
20251116235341,txt,2025,5,1.07
20251116235341,txt,2025,6,1.05
20251116235341,txt,2025,7,1.02
20251116235341,txt,2025,8,1.15
20251116235341,txt,2025,9,1.24
20251116235341,txt,2025,10,1.22
20251212073449,txt,2012,1,0.47
20251212073449,txt,2012,2,0.48
20251212073449,txt,2012,3,0.56
20251212073449,txt,2012,4,0.73
20251212073449,txt,2012,5,0.78
20251212073449,txt,2012,6,0.65
20251212073449,txt,2012,7,0.58
20251212073449,txt,2012,8,0.66
20251212073449,txt,2012,9,0.72
20251212073449,txt,2012,10,0.79
20251212073449,txt,2012,11,0.78
20251212073449,txt,2012,12,0.52
20251212073449,txt,2013,1,0.71
20251212073449,txt,2013,2,0.62
20251212073449,txt,2013,3,0.67
20251212073449,txt,2013,4,0.53
20251212073449,txt,2013,5,0.6
20251212073449,txt,2013,6,0.7
20251212073449,txt,2013,7,0.6
20251212073449,txt,2013,8,0.7
20251212073449,txt,2013,9,0.76
20251212073449,txt,2013,10,0.69
20251212073449,txt,2013,11,0.83
20251212073449,txt,2013,12,0.7
20251212073449,txt,2014,1,0.76
20251212073449,txt,2014,2,0.55
20251212073449,txt,2014,3,0.78
20251212073449,txt,2014,4,0.81
20251212073449,txt,2014,5,0.86
20251212073449,txt,2014,6,0.67
20251212073449,txt,2014,7,0.58
20251212073449,txt,2014,8,0.83
20251212073449,txt,2014,9,0.88
20251212073449,txt,2014,10,0.8
20251212073449,txt,2014,11,0.67
20251212073449,txt,2014,12,0.78
20251212073449,txt,2015,1,0.87
20251212073449,txt,2015,2,0.91
20251212073449,txt,2015,3,0.96
20251212073449,txt,2015,4,0.75
20251212073449,txt,2015,5,0.8
20251212073449,txt,2015,6,0.81
20251212073449,txt,2015,7,0.73
20251212073449,txt,2015,8,0.79
20251212073449,txt,2015,9,0.83
20251212073449,txt,2015,10,1.08
20251212073449,txt,2015,11,1.06
20251212073449,txt,2015,12,1.17
20251212073449,txt,2016,1,1.18
20251212073449,txt,2016,2,1.36
20251212073449,txt,2016,3,1.35
20251212073449,txt,2016,4,1.09
20251212073449,txt,2016,5,0.95
20251212073449,txt,2016,6,0.81
20251212073449,txt,2016,7,0.84
20251212073449,txt,2016,8,1.01
20251212073449,txt,2016,9,0.9
20251212073449,txt,2016,10,0.87
20251212073449,txt,2016,11,0.91
20251212073449,txt,2016,12,0.86
20251212073449,txt,2017,1,1.02
20251212073449,txt,2017,2,1.13
20251212073449,txt,2017,3,1.16
20251212073449,txt,2017,4,0.94
20251212073449,txt,2017,5,0.91
20251212073449,txt,2017,6,0.71
20251212073449,txt,2017,7,0.82
20251212073449,txt,2017,8,0.87
20251212073449,txt,2017,9,0.74
20251212073449,txt,2017,10,0.88
20251212073449,txt,2017,11,0.87
20251212073449,txt,2017,12,0.93
20251212073449,txt,2018,1,0.82
20251212073449,txt,2018,2,0.85
20251212073449,txt,2018,3,0.88
20251212073449,txt,2018,4,0.88
20251212073449,txt,2018,5,0.81
20251212073449,txt,2018,6,0.76
20251212073449,txt,2018,7,0.83
20251212073449,txt,2018,8,0.78
20251212073449,txt,2018,9,0.8
20251212073449,txt,2018,10,1.02
20251212073449,txt,2018,11,0.83
20251212073449,txt,2018,12,0.92
20251212073449,txt,2019,1,0.93
20251212073449,txt,2019,2,0.95
20251212073449,txt,2019,3,1.17
20251212073449,txt,2019,4,1.0
20251212073449,txt,2019,5,0.86
20251212073449,txt,2019,6,0.9
20251212073449,txt,2019,7,0.93
20251212073449,txt,2019,8,0.95
20251212073449,txt,2019,9,0.93
20251212073449,txt,2019,10,1.0
20251212073449,txt,2019,11,0.99
20251212073449,txt,2019,12,1.11
20251212073449,txt,2020,1,1.17
20251212073449,txt,2020,2,1.24
20251212073449,txt,2020,3,1.18
20251212073449,txt,2020,4,1.12
20251212073449,txt,2020,5,0.99
20251212073449,txt,2020,6,0.91
20251212073449,txt,2020,7,0.89
20251212073449,txt,2020,8,0.86
20251212073449,txt,2020,9,0.96
20251212073449,txt,2020,10,0.87
20251212073449,txt,2020,11,1.08
20251212073449,txt,2020,12,0.79
20251212073449,txt,2021,1,0.81
20251212073449,txt,2021,2,0.64
20251212073449,txt,2021,3,0.89
20251212073449,txt,2021,4,0.76
20251212073449,txt,2021,5,0.79
20251212073449,txt,2021,6,0.84
20251212073449,txt,2021,7,0.92
20251212073449,txt,2021,8,0.81
20251212073449,txt,2021,9,0.92
20251212073449,txt,2021,10,0.98
20251212073449,txt,2021,11,0.92
20251212073449,txt,2021,12,0.87
20251212073449,txt,2022,1,0.91
20251212073449,txt,2022,2,0.89
20251212073449,txt,2022,3,1.04
20251212073449,txt,2022,4,0.83
20251212073449,txt,2022,5,0.84
20251212073449,txt,2022,6,0.92
20251212073449,txt,2022,7,0.94
20251212073449,txt,2022,8,0.95
20251212073449,txt,2022,9,0.89
20251212073449,txt,2022,10,0.97
20251212073449,txt,2022,11,0.73
20251212073449,txt,2022,12,0.8
20251212073449,txt,2023,1,0.87
20251212073449,txt,2023,2,0.97
20251212073449,txt,2023,3,1.23
20251212073449,txt,2023,4,0.99
20251212073449,txt,2023,5,0.94
20251212073449,txt,2023,6,1.08
20251212073449,txt,2023,7,1.19
20251212073449,txt,2023,8,1.19
20251212073449,txt,2023,9,1.48
20251212073449,txt,2023,10,1.34
20251212073449,txt,2023,11,1.42
20251212073449,txt,2023,12,1.37
20251212073449,txt,2024,1,1.25
20251212073449,txt,2024,2,1.44
20251212073449,txt,2024,3,1.39
20251212073449,txt,2024,4,1.31
20251212073449,txt,2024,5,1.14
20251212073449,txt,2024,6,1.2
20251212073449,txt,2024,7,1.2
20251212073449,txt,2024,8,1.29
20251212073449,txt,2024,9,1.24
20251212073449,txt,2024,10,1.32
20251212073449,txt,2024,11,1.29
20251212073449,txt,2024,12,1.27
20251212073449,txt,2025,1,1.37
20251212073449,txt,2025,2,1.25
20251212073449,txt,2025,3,1.36
20251212073449,txt,2025,4,1.23
20251212073449,txt,2025,5,1.07
20251212073449,txt,2025,6,1.05
20251212073449,txt,2025,7,1.02
20251212073449,txt,2025,8,1.15
20251212073449,txt,2025,9,1.24
20251212073449,txt,2025,10,1.19
20251212073449,txt,2025,11,1.22
20260110202518,csv,2012,1,0.47
20260110202518,csv,2012,2,0.48
20260110202518,csv,2012,3,0.56
20260110202518,csv,2012,4,0.73
20260110202518,csv,2012,5,0.78
20260110202518,csv,2012,6,0.65
20260110202518,csv,2012,7,0.58
20260110202518,csv,2012,8,0.66
20260110202518,csv,2012,9,0.72
20260110202518,csv,2012,10,0.79
20260110202518,csv,2012,11,0.78
20260110202518,csv,2012,12,0.52
20260110202518,csv,2013,1,0.71
20260110202518,csv,2013,2,0.62
20260110202518,csv,2013,3,0.67
20260110202518,csv,2013,4,0.53
20260110202518,csv,2013,5,0.6
20260110202518,csv,2013,6,0.7
20260110202518,csv,2013,7,0.6
20260110202518,csv,2013,8,0.7
20260110202518,csv,2013,9,0.76
20260110202518,csv,2013,10,0.69
20260110202518,csv,2013,11,0.83
20260110202518,csv,2013,12,0.7
20260110202518,csv,2014,1,0.76
20260110202518,csv,2014,2,0.55
20260110202518,csv,2014,3,0.78
20260110202518,csv,2014,4,0.81
20260110202518,csv,2014,5,0.86
20260110202518,csv,2014,6,0.67
20260110202518,csv,2014,7,0.58
20260110202518,csv,2014,8,0.83
20260110202518,csv,2014,9,0.88
20260110202518,csv,2014,10,0.8
20260110202518,csv,2014,11,0.67
20260110202518,csv,2014,12,0.78
20260110202518,csv,2015,1,0.87
20260110202518,csv,2015,2,0.91
20260110202518,csv,2015,3,0.96
20260110202518,csv,2015,4,0.75
20260110202518,csv,2015,5,0.8
20260110202518,csv,2015,6,0.81
20260110202518,csv,2015,7,0.73
20260110202518,csv,2015,8,0.79
20260110202518,csv,2015,9,0.83
20260110202518,csv,2015,10,1.08
20260110202518,csv,2015,11,1.06
20260110202518,csv,2015,12,1.17
20260110202518,csv,2016,1,1.18
20260110202518,csv,2016,2,1.36
20260110202518,csv,2016,3,1.35
20260110202518,csv,2016,4,1.09
20260110202518,csv,2016,5,0.95
20260110202518,csv,2016,6,0.81
20260110202518,csv,2016,7,0.84
20260110202518,csv,2016,8,1.01
20260110202518,csv,2016,9,0.9
20260110202518,csv,2016,10,0.87
20260110202518,csv,2016,11,0.91
20260110202518,csv,2016,12,0.86
20260110202518,csv,2017,1,1.02
20260110202518,csv,2017,2,1.13
20260110202518,csv,2017,3,1.16
20260110202518,csv,2017,4,0.94
20260110202518,csv,2017,5,0.91
20260110202518,csv,2017,6,0.71
20260110202518,csv,2017,7,0.82
20260110202518,csv,2017,8,0.87
20260110202518,csv,2017,9,0.74
20260110202518,csv,2017,10,0.88
20260110202518,csv,2017,11,0.87
20260110202518,csv,2017,12,0.93
20260110202518,csv,2018,1,0.82
20260110202518,csv,2018,2,0.85
20260110202518,csv,2018,3,0.88
20260110202518,csv,2018,4,0.88
20260110202518,csv,2018,5,0.81
20260110202518,csv,2018,6,0.76
20260110202518,csv,2018,7,0.83
20260110202518,csv,2018,8,0.78
20260110202518,csv,2018,9,0.8
20260110202518,csv,2018,10,1.02
20260110202518,csv,2018,11,0.83
20260110202518,csv,2018,12,0.92
20260110202518,csv,2019,1,0.93
20260110202518,csv,2019,2,0.95
20260110202518,csv,2019,3,1.17
20260110202518,csv,2019,4,1.0
20260110202518,csv,2019,5,0.86
20260110202518,csv,2019,6,0.9
20260110202518,csv,2019,7,0.93
20260110202518,csv,2019,8,0.95
20260110202518,csv,2019,9,0.93
20260110202518,csv,2019,10,1.0
20260110202518,csv,2019,11,0.99
20260110202518,csv,2019,12,1.11
20260110202518,csv,2020,1,1.17
20260110202518,csv,2020,2,1.24
20260110202518,csv,2020,3,1.18
20260110202518,csv,2020,4,1.12
20260110202518,csv,2020,5,0.99
20260110202518,csv,2020,6,0.91
20260110202518,csv,2020,7,0.89
20260110202518,csv,2020,8,0.86
20260110202518,csv,2020,9,0.96
20260110202518,csv,2020,10,0.87
20260110202518,csv,2020,11,1.08
20260110202518,csv,2020,12,0.79
20260110202518,csv,2021,1,0.81
20260110202518,csv,2021,2,0.64
20260110202518,csv,2021,3,0.89
20260110202518,csv,2021,4,0.76
20260110202518,csv,2021,5,0.79
20260110202518,csv,2021,6,0.84
20260110202518,csv,2021,7,0.92
20260110202518,csv,2021,8,0.81
20260110202518,csv,2021,9,0.92
20260110202518,csv,2021,10,0.98
20260110202518,csv,2021,11,0.92
20260110202518,csv,2021,12,0.87
20260110202518,csv,2022,1,0.91
20260110202518,csv,2022,2,0.89
20260110202518,csv,2022,3,1.04
20260110202518,csv,2022,4,0.83
20260110202518,csv,2022,5,0.84
20260110202518,csv,2022,6,0.92
20260110202518,csv,2022,7,0.94
20260110202518,csv,2022,8,0.95
20260110202518,csv,2022,9,0.89
20260110202518,csv,2022,10,0.97
20260110202518,csv,2022,11,0.73
20260110202518,csv,2022,12,0.8
20260110202518,csv,2023,1,0.87
20260110202518,csv,2023,2,0.97
20260110202518,csv,2023,3,1.23
20260110202518,csv,2023,4,0.99
20260110202518,csv,2023,5,0.94
20260110202518,csv,2023,6,1.08
20260110202518,csv,2023,7,1.19
20260110202518,csv,2023,8,1.19
20260110202518,csv,2023,9,1.48
20260110202518,csv,2023,10,1.34
20260110202518,csv,2023,11,1.42
20260110202518,csv,2023,12,1.37
20260110202518,csv,2024,1,1.25
20260110202518,csv,2024,2,1.44
20260110202518,csv,2024,3,1.39
20260110202518,csv,2024,4,1.31
20260110202518,csv,2024,5,1.14
20260110202518,csv,2024,6,1.2
20260110202518,csv,2024,7,1.2
20260110202518,csv,2024,8,1.29
20260110202518,csv,2024,9,1.24
20260110202518,csv,2024,10,1.32
20260110202518,csv,2024,11,1.29
20260110202518,csv,2024,12,1.27
20260110202518,csv,2025,1,1.37
20260110202518,csv,2025,2,1.25
20260110202518,csv,2025,3,1.36
20260110202518,csv,2025,4,1.23
20260110202518,csv,2025,5,1.07
20260110202518,csv,2025,6,1.05
20260110202518,csv,2025,7,1.02
20260110202518,csv,2025,8,1.15
20260110202518,csv,2025,9,1.24
20260110202518,csv,2025,10,1.19
20260110202518,csv,2025,11,1.22
20260114230514,txt,2012,1,0.47
20260114230514,txt,2012,2,0.48
20260114230514,txt,2012,3,0.57
20260114230514,txt,2012,4,0.73
20260114230514,txt,2012,5,0.78
20260114230514,txt,2012,6,0.65
20260114230514,txt,2012,7,0.59
20260114230514,txt,2012,8,0.66
20260114230514,txt,2012,9,0.72
20260114230514,txt,2012,10,0.8
20260114230514,txt,2012,11,0.78
20260114230514,txt,2012,12,0.53
20260114230514,txt,2013,1,0.71
20260114230514,txt,2013,2,0.62
20260114230514,txt,2013,3,0.67
20260114230514,txt,2013,4,0.53
20260114230514,txt,2013,5,0.6
20260114230514,txt,2013,6,0.7
20260114230514,txt,2013,7,0.6
20260114230514,txt,2013,8,0.71
20260114230514,txt,2013,9,0.77
20260114230514,txt,2013,10,0.69
20260114230514,txt,2013,11,0.83
20260114230514,txt,2013,12,0.7
20260114230514,txt,2014,1,0.77
20260114230514,txt,2014,2,0.55
20260114230514,txt,2014,3,0.78
20260114230514,txt,2014,4,0.81
20260114230514,txt,2014,5,0.87
20260114230514,txt,2014,6,0.67
20260114230514,txt,2014,7,0.58
20260114230514,txt,2014,8,0.84
20260114230514,txt,2014,9,0.88
20260114230514,txt,2014,10,0.8
20260114230514,txt,2014,11,0.67
20260114230514,txt,2014,12,0.79
20260114230514,txt,2015,1,0.87
20260114230514,txt,2015,2,0.91
20260114230514,txt,2015,3,0.96
20260114230514,txt,2015,4,0.75
20260114230514,txt,2015,5,0.8
20260114230514,txt,2015,6,0.81
20260114230514,txt,2015,7,0.73
20260114230514,txt,2015,8,0.8
20260114230514,txt,2015,9,0.84
20260114230514,txt,2015,10,1.08
20260114230514,txt,2015,11,1.06
20260114230514,txt,2015,12,1.17
20260114230514,txt,2016,1,1.18
20260114230514,txt,2016,2,1.37
20260114230514,txt,2016,3,1.35
20260114230514,txt,2016,4,1.09
20260114230514,txt,2016,5,0.96
20260114230514,txt,2016,6,0.81
20260114230514,txt,2016,7,0.85
20260114230514,txt,2016,8,1.02
20260114230514,txt,2016,9,0.9
20260114230514,txt,2016,10,0.87
20260114230514,txt,2016,11,0.91
20260114230514,txt,2016,12,0.86
20260114230514,txt,2017,1,1.02
20260114230514,txt,2017,2,1.14
20260114230514,txt,2017,3,1.17
20260114230514,txt,2017,4,0.94
20260114230514,txt,2017,5,0.91
20260114230514,txt,2017,6,0.71
20260114230514,txt,2017,7,0.82
20260114230514,txt,2017,8,0.88
20260114230514,txt,2017,9,0.74
20260114230514,txt,2017,10,0.89
20260114230514,txt,2017,11,0.87
20260114230514,txt,2017,12,0.93
20260114230514,txt,2018,1,0.82
20260114230514,txt,2018,2,0.85
20260114230514,txt,2018,3,0.88
20260114230514,txt,2018,4,0.89
20260114230514,txt,2018,5,0.81
20260114230514,txt,2018,6,0.77
20260114230514,txt,2018,7,0.84
20260114230514,txt,2018,8,0.78
20260114230514,txt,2018,9,0.8
20260114230514,txt,2018,10,1.02
20260114230514,txt,2018,11,0.83
20260114230514,txt,2018,12,0.93
20260114230514,txt,2019,1,0.93
20260114230514,txt,2019,2,0.96
20260114230514,txt,2019,3,1.17
20260114230514,txt,2019,4,1.01
20260114230514,txt,2019,5,0.86
20260114230514,txt,2019,6,0.9
20260114230514,txt,2019,7,0.94
20260114230514,txt,2019,8,0.95
20260114230514,txt,2019,9,0.93
20260114230514,txt,2019,10,1.0
20260114230514,txt,2019,11,0.99
20260114230514,txt,2019,12,1.12
20260114230514,txt,2020,1,1.18
20260114230514,txt,2020,2,1.24
20260114230514,txt,2020,3,1.18
20260114230514,txt,2020,4,1.12
20260114230514,txt,2020,5,0.99
20260114230514,txt,2020,6,0.91
20260114230514,txt,2020,7,0.89
20260114230514,txt,2020,8,0.86
20260114230514,txt,2020,9,0.97
20260114230514,txt,2020,10,0.87
20260114230514,txt,2020,11,1.09
20260114230514,txt,2020,12,0.8
20260114230514,txt,2021,1,0.81
20260114230514,txt,2021,2,0.64
20260114230514,txt,2021,3,0.89
20260114230514,txt,2021,4,0.76
20260114230514,txt,2021,5,0.79
20260114230514,txt,2021,6,0.85
20260114230514,txt,2021,7,0.92
20260114230514,txt,2021,8,0.81
20260114230514,txt,2021,9,0.93
20260114230514,txt,2021,10,0.99
20260114230514,txt,2021,11,0.93
20260114230514,txt,2021,12,0.87
20260114230514,txt,2022,1,0.91
20260114230514,txt,2022,2,0.89
20260114230514,txt,2022,3,1.05
20260114230514,txt,2022,4,0.84
20260114230514,txt,2022,5,0.84
20260114230514,txt,2022,6,0.92
20260114230514,txt,2022,7,0.94
20260114230514,txt,2022,8,0.95
20260114230514,txt,2022,9,0.89
20260114230514,txt,2022,10,0.97
20260114230514,txt,2022,11,0.73
20260114230514,txt,2022,12,0.8
20260114230514,txt,2023,1,0.88
20260114230514,txt,2023,2,0.97
20260114230514,txt,2023,3,1.23
20260114230514,txt,2023,4,0.99
20260114230514,txt,2023,5,0.94
20260114230514,txt,2023,6,1.09
20260114230514,txt,2023,7,1.2
20260114230514,txt,2023,8,1.19
20260114230514,txt,2023,9,1.48
20260114230514,txt,2023,10,1.34
20260114230514,txt,2023,11,1.4
20260114230514,txt,2023,12,1.37
20260114230514,txt,2024,1,1.25
20260114230514,txt,2024,2,1.44
20260114230514,txt,2024,3,1.39
20260114230514,txt,2024,4,1.31
20260114230514,txt,2024,5,1.15
20260114230514,txt,2024,6,1.2
20260114230514,txt,2024,7,1.2
20260114230514,txt,2024,8,1.29
20260114230514,txt,2024,9,1.24
20260114230514,txt,2024,10,1.33
20260114230514,txt,2024,11,1.3
20260114230514,txt,2024,12,1.27
20260114230514,txt,2025,1,1.38
20260114230514,txt,2025,2,1.26
20260114230514,txt,2025,3,1.36
20260114230514,txt,2025,4,1.23
20260114230514,txt,2025,5,1.08
20260114230514,txt,2025,6,1.05
20260114230514,txt,2025,7,1.02
20260114230514,txt,2025,8,1.16
20260114230514,txt,2025,9,1.25
20260114230514,txt,2025,10,1.19
20260114230514,txt,2025,11,1.21
20260114230514,txt,2025,12,1.05
20260210203709,csv,2012,1,0.47
20260210203709,csv,2012,2,0.48
20260210203709,csv,2012,3,0.57
20260210203709,csv,2012,4,0.73
20260210203709,csv,2012,5,0.78
20260210203709,csv,2012,6,0.65
20260210203709,csv,2012,7,0.59
20260210203709,csv,2012,8,0.66
20260210203709,csv,2012,9,0.72
20260210203709,csv,2012,10,0.8
20260210203709,csv,2012,11,0.78
20260210203709,csv,2012,12,0.53
20260210203709,csv,2013,1,0.71
20260210203709,csv,2013,2,0.62
20260210203709,csv,2013,3,0.67
20260210203709,csv,2013,4,0.53
20260210203709,csv,2013,5,0.6
20260210203709,csv,2013,6,0.7
20260210203709,csv,2013,7,0.6
20260210203709,csv,2013,8,0.71
20260210203709,csv,2013,9,0.77
20260210203709,csv,2013,10,0.69
20260210203709,csv,2013,11,0.83
20260210203709,csv,2013,12,0.7
20260210203709,csv,2014,1,0.77
20260210203709,csv,2014,2,0.55
20260210203709,csv,2014,3,0.78
20260210203709,csv,2014,4,0.81
20260210203709,csv,2014,5,0.87
20260210203709,csv,2014,6,0.67
20260210203709,csv,2014,7,0.58
20260210203709,csv,2014,8,0.84
20260210203709,csv,2014,9,0.88
20260210203709,csv,2014,10,0.8
20260210203709,csv,2014,11,0.67
20260210203709,csv,2014,12,0.79
20260210203709,csv,2015,1,0.87
20260210203709,csv,2015,2,0.91
20260210203709,csv,2015,3,0.96
20260210203709,csv,2015,4,0.75
20260210203709,csv,2015,5,0.8
20260210203709,csv,2015,6,0.81
20260210203709,csv,2015,7,0.73
20260210203709,csv,2015,8,0.8
20260210203709,csv,2015,9,0.84
20260210203709,csv,2015,10,1.08
20260210203709,csv,2015,11,1.06
20260210203709,csv,2015,12,1.17
20260210203709,csv,2016,1,1.18
20260210203709,csv,2016,2,1.37
20260210203709,csv,2016,3,1.35
20260210203709,csv,2016,4,1.09
20260210203709,csv,2016,5,0.96
20260210203709,csv,2016,6,0.81
20260210203709,csv,2016,7,0.85
20260210203709,csv,2016,8,1.02
20260210203709,csv,2016,9,0.9
20260210203709,csv,2016,10,0.87
20260210203709,csv,2016,11,0.91
20260210203709,csv,2016,12,0.86
20260210203709,csv,2017,1,1.02
20260210203709,csv,2017,2,1.14
20260210203709,csv,2017,3,1.17
20260210203709,csv,2017,4,0.94
20260210203709,csv,2017,5,0.91
20260210203709,csv,2017,6,0.71
20260210203709,csv,2017,7,0.82
20260210203709,csv,2017,8,0.88
20260210203709,csv,2017,9,0.74
20260210203709,csv,2017,10,0.89
20260210203709,csv,2017,11,0.87
20260210203709,csv,2017,12,0.93
20260210203709,csv,2018,1,0.82
20260210203709,csv,2018,2,0.85
20260210203709,csv,2018,3,0.88
20260210203709,csv,2018,4,0.89
20260210203709,csv,2018,5,0.81
20260210203709,csv,2018,6,0.77
20260210203709,csv,2018,7,0.84
20260210203709,csv,2018,8,0.78
20260210203709,csv,2018,9,0.8
20260210203709,csv,2018,10,1.02
20260210203709,csv,2018,11,0.83
20260210203709,csv,2018,12,0.93
20260210203709,csv,2019,1,0.93
20260210203709,csv,2019,2,0.96
20260210203709,csv,2019,3,1.17
20260210203709,csv,2019,4,1.01
20260210203709,csv,2019,5,0.86
20260210203709,csv,2019,6,0.9
20260210203709,csv,2019,7,0.94
20260210203709,csv,2019,8,0.95
20260210203709,csv,2019,9,0.93
20260210203709,csv,2019,10,1.0
20260210203709,csv,2019,11,0.99
20260210203709,csv,2019,12,1.12
20260210203709,csv,2020,1,1.18
20260210203709,csv,2020,2,1.24
20260210203709,csv,2020,3,1.18
20260210203709,csv,2020,4,1.12
20260210203709,csv,2020,5,0.99
20260210203709,csv,2020,6,0.91
20260210203709,csv,2020,7,0.89
20260210203709,csv,2020,8,0.86
20260210203709,csv,2020,9,0.97
20260210203709,csv,2020,10,0.87
20260210203709,csv,2020,11,1.09
20260210203709,csv,2020,12,0.8
20260210203709,csv,2021,1,0.81
20260210203709,csv,2021,2,0.64
20260210203709,csv,2021,3,0.89
20260210203709,csv,2021,4,0.76
20260210203709,csv,2021,5,0.79
20260210203709,csv,2021,6,0.85
20260210203709,csv,2021,7,0.92
20260210203709,csv,2021,8,0.81
20260210203709,csv,2021,9,0.93
20260210203709,csv,2021,10,0.99
20260210203709,csv,2021,11,0.93
20260210203709,csv,2021,12,0.87
20260210203709,csv,2022,1,0.91
20260210203709,csv,2022,2,0.89
20260210203709,csv,2022,3,1.05
20260210203709,csv,2022,4,0.84
20260210203709,csv,2022,5,0.84
20260210203709,csv,2022,6,0.92
20260210203709,csv,2022,7,0.94
20260210203709,csv,2022,8,0.95
20260210203709,csv,2022,9,0.89
20260210203709,csv,2022,10,0.97
20260210203709,csv,2022,11,0.73
20260210203709,csv,2022,12,0.8
20260210203709,csv,2023,1,0.88
20260210203709,csv,2023,2,0.97
20260210203709,csv,2023,3,1.23
20260210203709,csv,2023,4,0.99
20260210203709,csv,2023,5,0.94
20260210203709,csv,2023,6,1.09
20260210203709,csv,2023,7,1.2
20260210203709,csv,2023,8,1.19
20260210203709,csv,2023,9,1.48
20260210203709,csv,2023,10,1.34
20260210203709,csv,2023,11,1.4
20260210203709,csv,2023,12,1.37
20260210203709,csv,2024,1,1.25
20260210203709,csv,2024,2,1.44
20260210203709,csv,2024,3,1.39
20260210203709,csv,2024,4,1.31
20260210203709,csv,2024,5,1.15
20260210203709,csv,2024,6,1.2
20260210203709,csv,2024,7,1.2
20260210203709,csv,2024,8,1.29
20260210203709,csv,2024,9,1.24
20260210203709,csv,2024,10,1.33
20260210203709,csv,2024,11,1.3
20260210203709,csv,2024,12,1.27
20260210203709,csv,2025,1,1.38
20260210203709,csv,2025,2,1.26
20260210203709,csv,2025,3,1.36
20260210203709,csv,2025,4,1.23
20260210203709,csv,2025,5,1.08
20260210203709,csv,2025,6,1.05
20260210203709,csv,2025,7,1.02
20260210203709,csv,2025,8,1.16
20260210203709,csv,2025,9,1.25
20260210203709,csv,2025,10,1.19
20260210203709,csv,2025,11,1.21
20260210203709,csv,2025,12,1.05
20260219175034,txt,2012,1,0.47
20260219175034,txt,2012,2,0.48
20260219175034,txt,2012,3,0.57
20260219175034,txt,2012,4,0.73
20260219175034,txt,2012,5,0.78
20260219175034,txt,2012,6,0.65
20260219175034,txt,2012,7,0.59
20260219175034,txt,2012,8,0.66
20260219175034,txt,2012,9,0.72
20260219175034,txt,2012,10,0.8
20260219175034,txt,2012,11,0.78
20260219175034,txt,2012,12,0.53
20260219175034,txt,2013,1,0.71
20260219175034,txt,2013,2,0.62
20260219175034,txt,2013,3,0.67
20260219175034,txt,2013,4,0.53
20260219175034,txt,2013,5,0.6
20260219175034,txt,2013,6,0.7
20260219175034,txt,2013,7,0.6
20260219175034,txt,2013,8,0.71
20260219175034,txt,2013,9,0.77
20260219175034,txt,2013,10,0.69
20260219175034,txt,2013,11,0.83
20260219175034,txt,2013,12,0.7
20260219175034,txt,2014,1,0.77
20260219175034,txt,2014,2,0.55
20260219175034,txt,2014,3,0.78
20260219175034,txt,2014,4,0.81
20260219175034,txt,2014,5,0.87
20260219175034,txt,2014,6,0.67
20260219175034,txt,2014,7,0.58
20260219175034,txt,2014,8,0.84
20260219175034,txt,2014,9,0.88
20260219175034,txt,2014,10,0.8
20260219175034,txt,2014,11,0.67
20260219175034,txt,2014,12,0.79
20260219175034,txt,2015,1,0.87
20260219175034,txt,2015,2,0.91
20260219175034,txt,2015,3,0.96
20260219175034,txt,2015,4,0.75
20260219175034,txt,2015,5,0.8
20260219175034,txt,2015,6,0.81
20260219175034,txt,2015,7,0.73
20260219175034,txt,2015,8,0.8
20260219175034,txt,2015,9,0.84
20260219175034,txt,2015,10,1.08
20260219175034,txt,2015,11,1.06
20260219175034,txt,2015,12,1.17
20260219175034,txt,2016,1,1.18
20260219175034,txt,2016,2,1.37
20260219175034,txt,2016,3,1.35
20260219175034,txt,2016,4,1.09
20260219175034,txt,2016,5,0.96
20260219175034,txt,2016,6,0.81
20260219175034,txt,2016,7,0.85
20260219175034,txt,2016,8,1.02
20260219175034,txt,2016,9,0.9
20260219175034,txt,2016,10,0.87
20260219175034,txt,2016,11,0.91
20260219175034,txt,2016,12,0.86
20260219175034,txt,2017,1,1.02
20260219175034,txt,2017,2,1.14
20260219175034,txt,2017,3,1.17
20260219175034,txt,2017,4,0.94
20260219175034,txt,2017,5,0.91
20260219175034,txt,2017,6,0.71
20260219175034,txt,2017,7,0.82
20260219175034,txt,2017,8,0.88
20260219175034,txt,2017,9,0.74
20260219175034,txt,2017,10,0.89
20260219175034,txt,2017,11,0.87
20260219175034,txt,2017,12,0.93
20260219175034,txt,2018,1,0.82
20260219175034,txt,2018,2,0.85
20260219175034,txt,2018,3,0.88
20260219175034,txt,2018,4,0.89
20260219175034,txt,2018,5,0.81
20260219175034,txt,2018,6,0.77
20260219175034,txt,2018,7,0.84
20260219175034,txt,2018,8,0.78
20260219175034,txt,2018,9,0.8
20260219175034,txt,2018,10,1.02
20260219175034,txt,2018,11,0.84
20260219175034,txt,2018,12,0.93
20260219175034,txt,2019,1,0.93
20260219175034,txt,2019,2,0.96
20260219175034,txt,2019,3,1.17
20260219175034,txt,2019,4,1.01
20260219175034,txt,2019,5,0.86
20260219175034,txt,2019,6,0.91
20260219175034,txt,2019,7,0.94
20260219175034,txt,2019,8,0.95
20260219175034,txt,2019,9,0.93
20260219175034,txt,2019,10,1.0
20260219175034,txt,2019,11,0.99
20260219175034,txt,2019,12,1.12
20260219175034,txt,2020,1,1.18
20260219175034,txt,2020,2,1.24
20260219175034,txt,2020,3,1.18
20260219175034,txt,2020,4,1.12
20260219175034,txt,2020,5,1.0
20260219175034,txt,2020,6,0.91
20260219175034,txt,2020,7,0.89
20260219175034,txt,2020,8,0.86
20260219175034,txt,2020,9,0.97
20260219175034,txt,2020,10,0.87
20260219175034,txt,2020,11,1.08
20260219175034,txt,2020,12,0.8
20260219175034,txt,2021,1,0.82
20260219175034,txt,2021,2,0.64
20260219175034,txt,2021,3,0.89
20260219175034,txt,2021,4,0.76
20260219175034,txt,2021,5,0.79
20260219175034,txt,2021,6,0.85
20260219175034,txt,2021,7,0.92
20260219175034,txt,2021,8,0.81
20260219175034,txt,2021,9,0.93
20260219175034,txt,2021,10,0.99
20260219175034,txt,2021,11,0.93
20260219175034,txt,2021,12,0.88
20260219175034,txt,2022,1,0.91
20260219175034,txt,2022,2,0.89
20260219175034,txt,2022,3,1.05
20260219175034,txt,2022,4,0.84
20260219175034,txt,2022,5,0.84
20260219175034,txt,2022,6,0.92
20260219175034,txt,2022,7,0.94
20260219175034,txt,2022,8,0.95
20260219175034,txt,2022,9,0.89
20260219175034,txt,2022,10,0.97
20260219175034,txt,2022,11,0.73
20260219175034,txt,2022,12,0.8
20260219175034,txt,2023,1,0.88
20260219175034,txt,2023,2,0.97
20260219175034,txt,2023,3,1.23
20260219175034,txt,2023,4,0.99
20260219175034,txt,2023,5,0.94
20260219175034,txt,2023,6,1.09
20260219175034,txt,2023,7,1.2
20260219175034,txt,2023,8,1.19
20260219175034,txt,2023,9,1.48
20260219175034,txt,2023,10,1.34
20260219175034,txt,2023,11,1.41
20260219175034,txt,2023,12,1.37
20260219175034,txt,2024,1,1.25
20260219175034,txt,2024,2,1.45
20260219175034,txt,2024,3,1.39
20260219175034,txt,2024,4,1.31
20260219175034,txt,2024,5,1.15
20260219175034,txt,2024,6,1.21
20260219175034,txt,2024,7,1.2
20260219175034,txt,2024,8,1.29
20260219175034,txt,2024,9,1.24
20260219175034,txt,2024,10,1.33
20260219175034,txt,2024,11,1.3
20260219175034,txt,2024,12,1.26
20260219175034,txt,2025,1,1.38
20260219175034,txt,2025,2,1.26
20260219175034,txt,2025,3,1.37
20260219175034,txt,2025,4,1.25
20260219175034,txt,2025,5,1.08
20260219175034,txt,2025,6,1.06
20260219175034,txt,2025,7,1.02
20260219175034,txt,2025,8,1.18
20260219175034,txt,2025,9,1.25
20260219175034,txt,2025,10,1.2
20260219175034,txt,2025,11,1.21
20260219175034,txt,2025,12,1.06
20260219175034,txt,2026,1,1.08
20260325221157,txt,2012,1,0.47
20260325221157,txt,2012,2,0.48
20260325221157,txt,2012,3,0.56
20260325221157,txt,2012,4,0.72
20260325221157,txt,2012,5,0.78
20260325221157,txt,2012,6,0.64
20260325221157,txt,2012,7,0.58
20260325221157,txt,2012,8,0.65
20260325221157,txt,2012,9,0.71
20260325221157,txt,2012,10,0.79
20260325221157,txt,2012,11,0.78
20260325221157,txt,2012,12,0.52
20260325221157,txt,2013,1,0.71
20260325221157,txt,2013,2,0.61
20260325221157,txt,2013,3,0.67
20260325221157,txt,2013,4,0.53
20260325221157,txt,2013,5,0.6
20260325221157,txt,2013,6,0.69
20260325221157,txt,2013,7,0.6
20260325221157,txt,2013,8,0.7
20260325221157,txt,2013,9,0.76
20260325221157,txt,2013,10,0.69
20260325221157,txt,2013,11,0.83
20260325221157,txt,2013,12,0.7
20260325221157,txt,2014,1,0.76
20260325221157,txt,2014,2,0.55
20260325221157,txt,2014,3,0.78
20260325221157,txt,2014,4,0.8
20260325221157,txt,2014,5,0.86
20260325221157,txt,2014,6,0.67
20260325221157,txt,2014,7,0.58
20260325221157,txt,2014,8,0.83
20260325221157,txt,2014,9,0.87
20260325221157,txt,2014,10,0.8
20260325221157,txt,2014,11,0.67
20260325221157,txt,2014,12,0.78
20260325221157,txt,2015,1,0.86
20260325221157,txt,2015,2,0.91
20260325221157,txt,2015,3,0.96
20260325221157,txt,2015,4,0.75
20260325221157,txt,2015,5,0.79
20260325221157,txt,2015,6,0.81
20260325221157,txt,2015,7,0.73
20260325221157,txt,2015,8,0.79
20260325221157,txt,2015,9,0.83
20260325221157,txt,2015,10,1.07
20260325221157,txt,2015,11,1.05
20260325221157,txt,2015,12,1.17
20260325221157,txt,2016,1,1.17
20260325221157,txt,2016,2,1.36
20260325221157,txt,2016,3,1.35
20260325221157,txt,2016,4,1.08
20260325221157,txt,2016,5,0.95
20260325221157,txt,2016,6,0.8
20260325221157,txt,2016,7,0.84
20260325221157,txt,2016,8,1.01
20260325221157,txt,2016,9,0.9
20260325221157,txt,2016,10,0.86
20260325221157,txt,2016,11,0.91
20260325221157,txt,2016,12,0.86
20260325221157,txt,2017,1,1.02
20260325221157,txt,2017,2,1.13
20260325221157,txt,2017,3,1.16
20260325221157,txt,2017,4,0.93
20260325221157,txt,2017,5,0.91
20260325221157,txt,2017,6,0.71
20260325221157,txt,2017,7,0.82
20260325221157,txt,2017,8,0.87
20260325221157,txt,2017,9,0.74
20260325221157,txt,2017,10,0.88
20260325221157,txt,2017,11,0.87
20260325221157,txt,2017,12,0.93
20260325221157,txt,2018,1,0.82
20260325221157,txt,2018,2,0.84
20260325221157,txt,2018,3,0.88
20260325221157,txt,2018,4,0.88
20260325221157,txt,2018,5,0.81
20260325221157,txt,2018,6,0.76
20260325221157,txt,2018,7,0.83
20260325221157,txt,2018,8,0.78
20260325221157,txt,2018,9,0.8
20260325221157,txt,2018,10,1.01
20260325221157,txt,2018,11,0.83
20260325221157,txt,2018,12,0.92
20260325221157,txt,2019,1,0.93
20260325221157,txt,2019,2,0.95
20260325221157,txt,2019,3,1.17
20260325221157,txt,2019,4,1.01
20260325221157,txt,2019,5,0.86
20260325221157,txt,2019,6,0.9
20260325221157,txt,2019,7,0.94
20260325221157,txt,2019,8,0.95
20260325221157,txt,2019,9,0.93
20260325221157,txt,2019,10,1.0
20260325221157,txt,2019,11,0.99
20260325221157,txt,2019,12,1.11
20260325221157,txt,2020,1,1.18
20260325221157,txt,2020,2,1.24
20260325221157,txt,2020,3,1.18
20260325221157,txt,2020,4,1.12
20260325221157,txt,2020,5,0.99
20260325221157,txt,2020,6,0.91
20260325221157,txt,2020,7,0.89
20260325221157,txt,2020,8,0.86
20260325221157,txt,2020,9,0.96
20260325221157,txt,2020,10,0.87
20260325221157,txt,2020,11,1.08
20260325221157,txt,2020,12,0.79
20260325221157,txt,2021,1,0.81
20260325221157,txt,2021,2,0.64
20260325221157,txt,2021,3,0.89
20260325221157,txt,2021,4,0.76
20260325221157,txt,2021,5,0.79
20260325221157,txt,2021,6,0.85
20260325221157,txt,2021,7,0.92
20260325221157,txt,2021,8,0.81
20260325221157,txt,2021,9,0.92
20260325221157,txt,2021,10,0.98
20260325221157,txt,2021,11,0.92
20260325221157,txt,2021,12,0.87
20260325221157,txt,2022,1,0.91
20260325221157,txt,2022,2,0.89
20260325221157,txt,2022,3,1.04
20260325221157,txt,2022,4,0.83
20260325221157,txt,2022,5,0.84
20260325221157,txt,2022,6,0.92
20260325221157,txt,2022,7,0.94
20260325221157,txt,2022,8,0.94
20260325221157,txt,2022,9,0.88
20260325221157,txt,2022,10,0.97
20260325221157,txt,2022,11,0.73
20260325221157,txt,2022,12,0.79
20260325221157,txt,2023,1,0.87
20260325221157,txt,2023,2,0.96
20260325221157,txt,2023,3,1.23
20260325221157,txt,2023,4,0.99
20260325221157,txt,2023,5,0.94
20260325221157,txt,2023,6,1.08
20260325221157,txt,2023,7,1.19
20260325221157,txt,2023,8,1.19
20260325221157,txt,2023,9,1.48
20260325221157,txt,2023,10,1.34
20260325221157,txt,2023,11,1.4
20260325221157,txt,2023,12,1.35
20260325221157,txt,2024,1,1.25
20260325221157,txt,2024,2,1.43
20260325221157,txt,2024,3,1.39
20260325221157,txt,2024,4,1.31
20260325221157,txt,2024,5,1.16
20260325221157,txt,2024,6,1.24
20260325221157,txt,2024,7,1.2
20260325221157,txt,2024,8,1.3
20260325221157,txt,2024,9,1.23
20260325221157,txt,2024,10,1.34
20260325221157,txt,2024,11,1.29
20260325221157,txt,2024,12,1.26
20260325221157,txt,2025,1,1.37
20260325221157,txt,2025,2,1.26
20260325221157,txt,2025,3,1.37
20260325221157,txt,2025,4,1.24
20260325221157,txt,2025,5,1.08
20260325221157,txt,2025,6,1.06
20260325221157,txt,2025,7,1.02
20260325221157,txt,2025,8,1.17
20260325221157,txt,2025,9,1.25
20260325221157,txt,2025,10,1.19
20260325221157,txt,2025,11,1.21
20260325221157,txt,2025,12,1.07
20260325221157,txt,2026,1,1.08
20260325221157,txt,2026,2,1.24
20260414023628,csv,2012,1,0.47
20260414023628,csv,2012,2,0.48
20260414023628,csv,2012,3,0.56
20260414023628,csv,2012,4,0.72
20260414023628,csv,2012,5,0.78
20260414023628,csv,2012,6,0.64
20260414023628,csv,2012,7,0.59
20260414023628,csv,2012,8,0.66
20260414023628,csv,2012,9,0.72
20260414023628,csv,2012,10,0.79
20260414023628,csv,2012,11,0.78
20260414023628,csv,2012,12,0.52
20260414023628,csv,2013,1,0.71
20260414023628,csv,2013,2,0.61
20260414023628,csv,2013,3,0.67
20260414023628,csv,2013,4,0.53
20260414023628,csv,2013,5,0.6
20260414023628,csv,2013,6,0.69
20260414023628,csv,2013,7,0.6
20260414023628,csv,2013,8,0.7
20260414023628,csv,2013,9,0.76
20260414023628,csv,2013,10,0.69
20260414023628,csv,2013,11,0.83
20260414023628,csv,2013,12,0.7
20260414023628,csv,2014,1,0.76
20260414023628,csv,2014,2,0.55
20260414023628,csv,2014,3,0.78
20260414023628,csv,2014,4,0.81
20260414023628,csv,2014,5,0.86
20260414023628,csv,2014,6,0.67
20260414023628,csv,2014,7,0.58
20260414023628,csv,2014,8,0.83
20260414023628,csv,2014,9,0.88
20260414023628,csv,2014,10,0.8
20260414023628,csv,2014,11,0.67
20260414023628,csv,2014,12,0.78
20260414023628,csv,2015,1,0.86
20260414023628,csv,2015,2,0.91
20260414023628,csv,2015,3,0.96
20260414023628,csv,2015,4,0.75
20260414023628,csv,2015,5,0.8
20260414023628,csv,2015,6,0.81
20260414023628,csv,2015,7,0.73
20260414023628,csv,2015,8,0.79
20260414023628,csv,2015,9,0.83
20260414023628,csv,2015,10,1.07
20260414023628,csv,2015,11,1.06
20260414023628,csv,2015,12,1.17
20260414023628,csv,2016,1,1.18
20260414023628,csv,2016,2,1.36
20260414023628,csv,2016,3,1.35
20260414023628,csv,2016,4,1.08
20260414023628,csv,2016,5,0.95
20260414023628,csv,2016,6,0.8
20260414023628,csv,2016,7,0.84
20260414023628,csv,2016,8,1.01
20260414023628,csv,2016,9,0.9
20260414023628,csv,2016,10,0.86
20260414023628,csv,2016,11,0.91
20260414023628,csv,2016,12,0.86
20260414023628,csv,2017,1,1.02
20260414023628,csv,2017,2,1.13
20260414023628,csv,2017,3,1.16
20260414023628,csv,2017,4,0.93
20260414023628,csv,2017,5,0.91
20260414023628,csv,2017,6,0.71
20260414023628,csv,2017,7,0.82
20260414023628,csv,2017,8,0.87
20260414023628,csv,2017,9,0.74
20260414023628,csv,2017,10,0.88
20260414023628,csv,2017,11,0.87
20260414023628,csv,2017,12,0.93
20260414023628,csv,2018,1,0.82
20260414023628,csv,2018,2,0.84
20260414023628,csv,2018,3,0.88
20260414023628,csv,2018,4,0.88
20260414023628,csv,2018,5,0.81
20260414023628,csv,2018,6,0.76
20260414023628,csv,2018,7,0.83
20260414023628,csv,2018,8,0.78
20260414023628,csv,2018,9,0.8
20260414023628,csv,2018,10,1.01
20260414023628,csv,2018,11,0.83
20260414023628,csv,2018,12,0.93
20260414023628,csv,2019,1,0.93
20260414023628,csv,2019,2,0.95
20260414023628,csv,2019,3,1.17
20260414023628,csv,2019,4,1.01
20260414023628,csv,2019,5,0.86
20260414023628,csv,2019,6,0.9
20260414023628,csv,2019,7,0.94
20260414023628,csv,2019,8,0.95
20260414023628,csv,2019,9,0.93
20260414023628,csv,2019,10,1.0
20260414023628,csv,2019,11,0.99
20260414023628,csv,2019,12,1.11
20260414023628,csv,2020,1,1.17
20260414023628,csv,2020,2,1.24
20260414023628,csv,2020,3,1.18
20260414023628,csv,2020,4,1.12
20260414023628,csv,2020,5,0.99
20260414023628,csv,2020,6,0.91
20260414023628,csv,2020,7,0.89
20260414023628,csv,2020,8,0.86
20260414023628,csv,2020,9,0.96
20260414023628,csv,2020,10,0.87
20260414023628,csv,2020,11,1.08
20260414023628,csv,2020,12,0.8
20260414023628,csv,2021,1,0.81
20260414023628,csv,2021,2,0.64
20260414023628,csv,2021,3,0.89
20260414023628,csv,2021,4,0.76
20260414023628,csv,2021,5,0.79
20260414023628,csv,2021,6,0.85
20260414023628,csv,2021,7,0.92
20260414023628,csv,2021,8,0.81
20260414023628,csv,2021,9,0.92
20260414023628,csv,2021,10,0.98
20260414023628,csv,2021,11,0.92
20260414023628,csv,2021,12,0.88
20260414023628,csv,2022,1,0.91
20260414023628,csv,2022,2,0.89
20260414023628,csv,2022,3,1.04
20260414023628,csv,2022,4,0.83
20260414023628,csv,2022,5,0.84
20260414023628,csv,2022,6,0.92
20260414023628,csv,2022,7,0.94
20260414023628,csv,2022,8,0.94
20260414023628,csv,2022,9,0.88
20260414023628,csv,2022,10,0.97
20260414023628,csv,2022,11,0.73
20260414023628,csv,2022,12,0.79
20260414023628,csv,2023,1,0.87
20260414023628,csv,2023,2,0.97
20260414023628,csv,2023,3,1.23
20260414023628,csv,2023,4,0.99
20260414023628,csv,2023,5,0.94
20260414023628,csv,2023,6,1.08
20260414023628,csv,2023,7,1.19
20260414023628,csv,2023,8,1.19
20260414023628,csv,2023,9,1.48
20260414023628,csv,2023,10,1.34
20260414023628,csv,2023,11,1.4
20260414023628,csv,2023,12,1.35
20260414023628,csv,2024,1,1.25
20260414023628,csv,2024,2,1.43
20260414023628,csv,2024,3,1.39
20260414023628,csv,2024,4,1.31
20260414023628,csv,2024,5,1.16
20260414023628,csv,2024,6,1.24
20260414023628,csv,2024,7,1.2
20260414023628,csv,2024,8,1.3
20260414023628,csv,2024,9,1.23
20260414023628,csv,2024,10,1.34
20260414023628,csv,2024,11,1.29
20260414023628,csv,2024,12,1.26
20260414023628,csv,2025,1,1.37
20260414023628,csv,2025,2,1.27
20260414023628,csv,2025,3,1.37
20260414023628,csv,2025,4,1.24
20260414023628,csv,2025,5,1.07
20260414023628,csv,2025,6,1.06
20260414023628,csv,2025,7,1.02
20260414023628,csv,2025,8,1.17
20260414023628,csv,2025,9,1.25
20260414023628,csv,2025,10,1.19
20260414023628,csv,2025,11,1.2
20260414023628,csv,2025,12,1.07
20260414023628,csv,2026,1,1.08
20260414023628,csv,2026,2,1.24
20260414023628,csv,2026,3,1.28
20260420174103,txt,2012,1,0.47
20260420174103,txt,2012,2,0.48
20260420174103,txt,2012,3,0.56
20260420174103,txt,2012,4,0.72
20260420174103,txt,2012,5,0.78
20260420174103,txt,2012,6,0.64
20260420174103,txt,2012,7,0.59
20260420174103,txt,2012,8,0.66
20260420174103,txt,2012,9,0.72
20260420174103,txt,2012,10,0.79
20260420174103,txt,2012,11,0.78
20260420174103,txt,2012,12,0.52
20260420174103,txt,2013,1,0.71
20260420174103,txt,2013,2,0.61
20260420174103,txt,2013,3,0.67
20260420174103,txt,2013,4,0.53
20260420174103,txt,2013,5,0.6
20260420174103,txt,2013,6,0.69
20260420174103,txt,2013,7,0.6
20260420174103,txt,2013,8,0.7
20260420174103,txt,2013,9,0.76
20260420174103,txt,2013,10,0.69
20260420174103,txt,2013,11,0.83
20260420174103,txt,2013,12,0.7
20260420174103,txt,2014,1,0.76
20260420174103,txt,2014,2,0.55
20260420174103,txt,2014,3,0.78
20260420174103,txt,2014,4,0.81
20260420174103,txt,2014,5,0.86
20260420174103,txt,2014,6,0.67
20260420174103,txt,2014,7,0.58
20260420174103,txt,2014,8,0.83
20260420174103,txt,2014,9,0.88
20260420174103,txt,2014,10,0.8
20260420174103,txt,2014,11,0.67
20260420174103,txt,2014,12,0.78
20260420174103,txt,2015,1,0.86
20260420174103,txt,2015,2,0.91
20260420174103,txt,2015,3,0.96
20260420174103,txt,2015,4,0.75
20260420174103,txt,2015,5,0.8
20260420174103,txt,2015,6,0.81
20260420174103,txt,2015,7,0.73
20260420174103,txt,2015,8,0.79
20260420174103,txt,2015,9,0.83
20260420174103,txt,2015,10,1.07
20260420174103,txt,2015,11,1.06
20260420174103,txt,2015,12,1.17
20260420174103,txt,2016,1,1.18
20260420174103,txt,2016,2,1.36
20260420174103,txt,2016,3,1.35
20260420174103,txt,2016,4,1.08
20260420174103,txt,2016,5,0.95
20260420174103,txt,2016,6,0.8
20260420174103,txt,2016,7,0.84
20260420174103,txt,2016,8,1.01
20260420174103,txt,2016,9,0.9
20260420174103,txt,2016,10,0.86
20260420174103,txt,2016,11,0.91
20260420174103,txt,2016,12,0.86
20260420174103,txt,2017,1,1.02
20260420174103,txt,2017,2,1.13
20260420174103,txt,2017,3,1.16
20260420174103,txt,2017,4,0.93
20260420174103,txt,2017,5,0.91
20260420174103,txt,2017,6,0.71
20260420174103,txt,2017,7,0.82
20260420174103,txt,2017,8,0.87
20260420174103,txt,2017,9,0.74
20260420174103,txt,2017,10,0.88
20260420174103,txt,2017,11,0.87
20260420174103,txt,2017,12,0.93
20260420174103,txt,2018,1,0.82
20260420174103,txt,2018,2,0.84
20260420174103,txt,2018,3,0.88
20260420174103,txt,2018,4,0.88
20260420174103,txt,2018,5,0.81
20260420174103,txt,2018,6,0.76
20260420174103,txt,2018,7,0.83
20260420174103,txt,2018,8,0.78
20260420174103,txt,2018,9,0.8
20260420174103,txt,2018,10,1.01
20260420174103,txt,2018,11,0.83
20260420174103,txt,2018,12,0.93
20260420174103,txt,2019,1,0.93
20260420174103,txt,2019,2,0.95
20260420174103,txt,2019,3,1.17
20260420174103,txt,2019,4,1.01
20260420174103,txt,2019,5,0.86
20260420174103,txt,2019,6,0.9
20260420174103,txt,2019,7,0.94
20260420174103,txt,2019,8,0.95
20260420174103,txt,2019,9,0.93
20260420174103,txt,2019,10,1.0
20260420174103,txt,2019,11,0.99
20260420174103,txt,2019,12,1.11
20260420174103,txt,2020,1,1.17
20260420174103,txt,2020,2,1.24
20260420174103,txt,2020,3,1.18
20260420174103,txt,2020,4,1.12
20260420174103,txt,2020,5,0.99
20260420174103,txt,2020,6,0.91
20260420174103,txt,2020,7,0.89
20260420174103,txt,2020,8,0.86
20260420174103,txt,2020,9,0.96
20260420174103,txt,2020,10,0.87
20260420174103,txt,2020,11,1.08
20260420174103,txt,2020,12,0.8
20260420174103,txt,2021,1,0.81
20260420174103,txt,2021,2,0.64
20260420174103,txt,2021,3,0.89
20260420174103,txt,2021,4,0.76
20260420174103,txt,2021,5,0.79
20260420174103,txt,2021,6,0.85
20260420174103,txt,2021,7,0.92
20260420174103,txt,2021,8,0.81
20260420174103,txt,2021,9,0.92
20260420174103,txt,2021,10,0.98
20260420174103,txt,2021,11,0.92
20260420174103,txt,2021,12,0.88
20260420174103,txt,2022,1,0.91
20260420174103,txt,2022,2,0.89
20260420174103,txt,2022,3,1.04
20260420174103,txt,2022,4,0.83
20260420174103,txt,2022,5,0.84
20260420174103,txt,2022,6,0.92
20260420174103,txt,2022,7,0.94
20260420174103,txt,2022,8,0.94
20260420174103,txt,2022,9,0.88
20260420174103,txt,2022,10,0.97
20260420174103,txt,2022,11,0.73
20260420174103,txt,2022,12,0.79
20260420174103,txt,2023,1,0.87
20260420174103,txt,2023,2,0.97
20260420174103,txt,2023,3,1.23
20260420174103,txt,2023,4,0.99
20260420174103,txt,2023,5,0.94
20260420174103,txt,2023,6,1.08
20260420174103,txt,2023,7,1.19
20260420174103,txt,2023,8,1.19
20260420174103,txt,2023,9,1.48
20260420174103,txt,2023,10,1.34
20260420174103,txt,2023,11,1.4
20260420174103,txt,2023,12,1.35
20260420174103,txt,2024,1,1.25
20260420174103,txt,2024,2,1.43
20260420174103,txt,2024,3,1.39
20260420174103,txt,2024,4,1.31
20260420174103,txt,2024,5,1.16
20260420174103,txt,2024,6,1.24
20260420174103,txt,2024,7,1.2
20260420174103,txt,2024,8,1.3
20260420174103,txt,2024,9,1.23
20260420174103,txt,2024,10,1.34
20260420174103,txt,2024,11,1.29
20260420174103,txt,2024,12,1.26
20260420174103,txt,2025,1,1.37
20260420174103,txt,2025,2,1.27
20260420174103,txt,2025,3,1.37
20260420174103,txt,2025,4,1.24
20260420174103,txt,2025,5,1.07
20260420174103,txt,2025,6,1.06
20260420174103,txt,2025,7,1.02
20260420174103,txt,2025,8,1.17
20260420174103,txt,2025,9,1.25
20260420174103,txt,2025,10,1.19
20260420174103,txt,2025,11,1.2
20260420174103,txt,2025,12,1.07
20260420174103,txt,2026,1,1.08
20260420174103,txt,2026,2,1.24
20260420174103,txt,2026,3,1.28
20260516113552,csv,2012,1,0.47
20260516113552,csv,2012,2,0.48
20260516113552,csv,2012,3,0.57
20260516113552,csv,2012,4,0.73
20260516113552,csv,2012,5,0.78
20260516113552,csv,2012,6,0.64
20260516113552,csv,2012,7,0.59
20260516113552,csv,2012,8,0.66
20260516113552,csv,2012,9,0.72
20260516113552,csv,2012,10,0.79
20260516113552,csv,2012,11,0.78
20260516113552,csv,2012,12,0.53
20260516113552,csv,2013,1,0.71
20260516113552,csv,2013,2,0.62
20260516113552,csv,2013,3,0.67
20260516113552,csv,2013,4,0.53
20260516113552,csv,2013,5,0.6
20260516113552,csv,2013,6,0.69
20260516113552,csv,2013,7,0.6
20260516113552,csv,2013,8,0.7
20260516113552,csv,2013,9,0.76
20260516113552,csv,2013,10,0.69
20260516113552,csv,2013,11,0.83
20260516113552,csv,2013,12,0.7
20260516113552,csv,2014,1,0.76
20260516113552,csv,2014,2,0.55
20260516113552,csv,2014,3,0.78
20260516113552,csv,2014,4,0.81
20260516113552,csv,2014,5,0.86
20260516113552,csv,2014,6,0.67
20260516113552,csv,2014,7,0.58
20260516113552,csv,2014,8,0.83
20260516113552,csv,2014,9,0.88
20260516113552,csv,2014,10,0.8
20260516113552,csv,2014,11,0.67
20260516113552,csv,2014,12,0.79
20260516113552,csv,2015,1,0.86
20260516113552,csv,2015,2,0.91
20260516113552,csv,2015,3,0.96
20260516113552,csv,2015,4,0.75
20260516113552,csv,2015,5,0.8
20260516113552,csv,2015,6,0.81
20260516113552,csv,2015,7,0.73
20260516113552,csv,2015,8,0.8
20260516113552,csv,2015,9,0.84
20260516113552,csv,2015,10,1.07
20260516113552,csv,2015,11,1.06
20260516113552,csv,2015,12,1.17
20260516113552,csv,2016,1,1.18
20260516113552,csv,2016,2,1.37
20260516113552,csv,2016,3,1.35
20260516113552,csv,2016,4,1.09
20260516113552,csv,2016,5,0.95
20260516113552,csv,2016,6,0.81
20260516113552,csv,2016,7,0.84
20260516113552,csv,2016,8,1.01
20260516113552,csv,2016,9,0.9
20260516113552,csv,2016,10,0.87
20260516113552,csv,2016,11,0.91
20260516113552,csv,2016,12,0.86
20260516113552,csv,2017,1,1.02
20260516113552,csv,2017,2,1.13
20260516113552,csv,2017,3,1.16
20260516113552,csv,2017,4,0.93
20260516113552,csv,2017,5,0.91
20260516113552,csv,2017,6,0.71
20260516113552,csv,2017,7,0.82
20260516113552,csv,2017,8,0.87
20260516113552,csv,2017,9,0.74
20260516113552,csv,2017,10,0.88
20260516113552,csv,2017,11,0.87
20260516113552,csv,2017,12,0.93
20260516113552,csv,2018,1,0.82
20260516113552,csv,2018,2,0.85
20260516113552,csv,2018,3,0.88
20260516113552,csv,2018,4,0.88
20260516113552,csv,2018,5,0.81
20260516113552,csv,2018,6,0.76
20260516113552,csv,2018,7,0.83
20260516113552,csv,2018,8,0.78
20260516113552,csv,2018,9,0.8
20260516113552,csv,2018,10,1.02
20260516113552,csv,2018,11,0.83
20260516113552,csv,2018,12,0.93
20260516113552,csv,2019,1,0.93
20260516113552,csv,2019,2,0.95
20260516113552,csv,2019,3,1.17
20260516113552,csv,2019,4,1.01
20260516113552,csv,2019,5,0.86
20260516113552,csv,2019,6,0.9
20260516113552,csv,2019,7,0.94
20260516113552,csv,2019,8,0.95
20260516113552,csv,2019,9,0.93
20260516113552,csv,2019,10,1.0
20260516113552,csv,2019,11,0.99
20260516113552,csv,2019,12,1.11
20260516113552,csv,2020,1,1.18
20260516113552,csv,2020,2,1.24
20260516113552,csv,2020,3,1.18
20260516113552,csv,2020,4,1.12
20260516113552,csv,2020,5,0.99
20260516113552,csv,2020,6,0.91
20260516113552,csv,2020,7,0.89
20260516113552,csv,2020,8,0.86
20260516113552,csv,2020,9,0.97
20260516113552,csv,2020,10,0.87
20260516113552,csv,2020,11,1.09
20260516113552,csv,2020,12,0.8
20260516113552,csv,2021,1,0.82
20260516113552,csv,2021,2,0.64
20260516113552,csv,2021,3,0.89
20260516113552,csv,2021,4,0.76
20260516113552,csv,2021,5,0.79
20260516113552,csv,2021,6,0.85
20260516113552,csv,2021,7,0.92
20260516113552,csv,2021,8,0.81
20260516113552,csv,2021,9,0.92
20260516113552,csv,2021,10,0.98
20260516113552,csv,2021,11,0.92
20260516113552,csv,2021,12,0.88
20260516113552,csv,2022,1,0.91
20260516113552,csv,2022,2,0.89
20260516113552,csv,2022,3,1.04
20260516113552,csv,2022,4,0.83
20260516113552,csv,2022,5,0.84
20260516113552,csv,2022,6,0.92
20260516113552,csv,2022,7,0.94
20260516113552,csv,2022,8,0.95
20260516113552,csv,2022,9,0.89
20260516113552,csv,2022,10,0.97
20260516113552,csv,2022,11,0.73
20260516113552,csv,2022,12,0.8
20260516113552,csv,2023,1,0.88
20260516113552,csv,2023,2,0.97
20260516113552,csv,2023,3,1.23
20260516113552,csv,2023,4,0.99
20260516113552,csv,2023,5,0.94
20260516113552,csv,2023,6,1.08
20260516113552,csv,2023,7,1.19
20260516113552,csv,2023,8,1.19
20260516113552,csv,2023,9,1.48
20260516113552,csv,2023,10,1.34
20260516113552,csv,2023,11,1.4
20260516113552,csv,2023,12,1.36
20260516113552,csv,2024,1,1.25
20260516113552,csv,2024,2,1.43
20260516113552,csv,2024,3,1.39
20260516113552,csv,2024,4,1.31
20260516113552,csv,2024,5,1.16
20260516113552,csv,2024,6,1.24
20260516113552,csv,2024,7,1.2
20260516113552,csv,2024,8,1.3
20260516113552,csv,2024,9,1.23
20260516113552,csv,2024,10,1.35
20260516113552,csv,2024,11,1.29
20260516113552,csv,2024,12,1.27
20260516113552,csv,2025,1,1.38
20260516113552,csv,2025,2,1.27
20260516113552,csv,2025,3,1.38
20260516113552,csv,2025,4,1.24
20260516113552,csv,2025,5,1.08
20260516113552,csv,2025,6,1.06
20260516113552,csv,2025,7,1.02
20260516113552,csv,2025,8,1.17
20260516113552,csv,2025,9,1.25
20260516113552,csv,2025,10,1.19
20260516113552,csv,2025,11,1.2
20260516113552,csv,2025,12,1.07
20260516113552,csv,2026,1,1.08
20260516113552,csv,2026,2,1.24
20260516113552,csv,2026,3,1.3
20260516113552,csv,2026,4,1.18
20260527121415,txt,2012,1,0.47
20260527121415,txt,2012,2,0.48
20260527121415,txt,2012,3,0.57
20260527121415,txt,2012,4,0.73
20260527121415,txt,2012,5,0.78
20260527121415,txt,2012,6,0.64
20260527121415,txt,2012,7,0.59
20260527121415,txt,2012,8,0.66
20260527121415,txt,2012,9,0.72
20260527121415,txt,2012,10,0.79
20260527121415,txt,2012,11,0.78
20260527121415,txt,2012,12,0.53
20260527121415,txt,2013,1,0.71
20260527121415,txt,2013,2,0.62
20260527121415,txt,2013,3,0.67
20260527121415,txt,2013,4,0.53
20260527121415,txt,2013,5,0.6
20260527121415,txt,2013,6,0.69
20260527121415,txt,2013,7,0.6
20260527121415,txt,2013,8,0.7
20260527121415,txt,2013,9,0.76
20260527121415,txt,2013,10,0.69
20260527121415,txt,2013,11,0.83
20260527121415,txt,2013,12,0.7
20260527121415,txt,2014,1,0.76
20260527121415,txt,2014,2,0.55
20260527121415,txt,2014,3,0.78
20260527121415,txt,2014,4,0.81
20260527121415,txt,2014,5,0.86
20260527121415,txt,2014,6,0.67
20260527121415,txt,2014,7,0.58
20260527121415,txt,2014,8,0.83
20260527121415,txt,2014,9,0.88
20260527121415,txt,2014,10,0.8
20260527121415,txt,2014,11,0.67
20260527121415,txt,2014,12,0.79
20260527121415,txt,2015,1,0.86
20260527121415,txt,2015,2,0.91
20260527121415,txt,2015,3,0.96
20260527121415,txt,2015,4,0.75
20260527121415,txt,2015,5,0.8
20260527121415,txt,2015,6,0.81
20260527121415,txt,2015,7,0.73
20260527121415,txt,2015,8,0.8
20260527121415,txt,2015,9,0.84
20260527121415,txt,2015,10,1.07
20260527121415,txt,2015,11,1.06
20260527121415,txt,2015,12,1.17
20260527121415,txt,2016,1,1.18
20260527121415,txt,2016,2,1.37
20260527121415,txt,2016,3,1.35
20260527121415,txt,2016,4,1.09
20260527121415,txt,2016,5,0.95
20260527121415,txt,2016,6,0.81
20260527121415,txt,2016,7,0.84
20260527121415,txt,2016,8,1.01
20260527121415,txt,2016,9,0.9
20260527121415,txt,2016,10,0.87
20260527121415,txt,2016,11,0.91
20260527121415,txt,2016,12,0.86
20260527121415,txt,2017,1,1.02
20260527121415,txt,2017,2,1.13
20260527121415,txt,2017,3,1.16
20260527121415,txt,2017,4,0.93
20260527121415,txt,2017,5,0.91
20260527121415,txt,2017,6,0.71
20260527121415,txt,2017,7,0.82
20260527121415,txt,2017,8,0.87
20260527121415,txt,2017,9,0.74
20260527121415,txt,2017,10,0.88
20260527121415,txt,2017,11,0.87
20260527121415,txt,2017,12,0.93
20260527121415,txt,2018,1,0.82
20260527121415,txt,2018,2,0.85
20260527121415,txt,2018,3,0.88
20260527121415,txt,2018,4,0.88
20260527121415,txt,2018,5,0.81
20260527121415,txt,2018,6,0.76
20260527121415,txt,2018,7,0.83
20260527121415,txt,2018,8,0.78
20260527121415,txt,2018,9,0.8
20260527121415,txt,2018,10,1.02
20260527121415,txt,2018,11,0.83
20260527121415,txt,2018,12,0.93
20260527121415,txt,2019,1,0.93
20260527121415,txt,2019,2,0.95
20260527121415,txt,2019,3,1.17
20260527121415,txt,2019,4,1.01
20260527121415,txt,2019,5,0.86
20260527121415,txt,2019,6,0.9
20260527121415,txt,2019,7,0.94
20260527121415,txt,2019,8,0.95
20260527121415,txt,2019,9,0.93
20260527121415,txt,2019,10,1.0
20260527121415,txt,2019,11,0.99
20260527121415,txt,2019,12,1.11
20260527121415,txt,2020,1,1.18
20260527121415,txt,2020,2,1.24
20260527121415,txt,2020,3,1.18
20260527121415,txt,2020,4,1.12
20260527121415,txt,2020,5,0.99
20260527121415,txt,2020,6,0.91
20260527121415,txt,2020,7,0.89
20260527121415,txt,2020,8,0.86
20260527121415,txt,2020,9,0.97
20260527121415,txt,2020,10,0.87
20260527121415,txt,2020,11,1.09
20260527121415,txt,2020,12,0.8
20260527121415,txt,2021,1,0.82
20260527121415,txt,2021,2,0.64
20260527121415,txt,2021,3,0.89
20260527121415,txt,2021,4,0.76
20260527121415,txt,2021,5,0.79
20260527121415,txt,2021,6,0.85
20260527121415,txt,2021,7,0.92
20260527121415,txt,2021,8,0.81
20260527121415,txt,2021,9,0.92
20260527121415,txt,2021,10,0.98
20260527121415,txt,2021,11,0.92
20260527121415,txt,2021,12,0.88
20260527121415,txt,2022,1,0.91
20260527121415,txt,2022,2,0.89
20260527121415,txt,2022,3,1.04
20260527121415,txt,2022,4,0.83
20260527121415,txt,2022,5,0.84
20260527121415,txt,2022,6,0.92
20260527121415,txt,2022,7,0.94
20260527121415,txt,2022,8,0.95
20260527121415,txt,2022,9,0.89
20260527121415,txt,2022,10,0.97
20260527121415,txt,2022,11,0.73
20260527121415,txt,2022,12,0.8
20260527121415,txt,2023,1,0.88
20260527121415,txt,2023,2,0.97
20260527121415,txt,2023,3,1.23
20260527121415,txt,2023,4,0.99
20260527121415,txt,2023,5,0.94
20260527121415,txt,2023,6,1.08
20260527121415,txt,2023,7,1.19
20260527121415,txt,2023,8,1.19
20260527121415,txt,2023,9,1.48
20260527121415,txt,2023,10,1.34
20260527121415,txt,2023,11,1.4
20260527121415,txt,2023,12,1.36
20260527121415,txt,2024,1,1.25
20260527121415,txt,2024,2,1.43
20260527121415,txt,2024,3,1.39
20260527121415,txt,2024,4,1.31
20260527121415,txt,2024,5,1.16
20260527121415,txt,2024,6,1.24
20260527121415,txt,2024,7,1.2
20260527121415,txt,2024,8,1.3
20260527121415,txt,2024,9,1.23
20260527121415,txt,2024,10,1.35
20260527121415,txt,2024,11,1.29
20260527121415,txt,2024,12,1.27
20260527121415,txt,2025,1,1.38
20260527121415,txt,2025,2,1.27
20260527121415,txt,2025,3,1.38
20260527121415,txt,2025,4,1.24
20260527121415,txt,2025,5,1.08
20260527121415,txt,2025,6,1.06
20260527121415,txt,2025,7,1.02
20260527121415,txt,2025,8,1.17
20260527121415,txt,2025,9,1.25
20260527121415,txt,2025,10,1.19
20260527121415,txt,2025,11,1.2
20260527121415,txt,2025,12,1.07
20260527121415,txt,2026,1,1.08
20260527121415,txt,2026,2,1.24
20260527121415,txt,2026,3,1.3
20260527121415,txt,2026,4,1.18
20260612095130,csv,2012,1,0.47
20260612095130,csv,2012,2,0.48
20260612095130,csv,2012,3,0.57
20260612095130,csv,2012,4,0.73
20260612095130,csv,2012,5,0.78
20260612095130,csv,2012,6,0.64
20260612095130,csv,2012,7,0.59
20260612095130,csv,2012,8,0.66
20260612095130,csv,2012,9,0.72
20260612095130,csv,2012,10,0.8
20260612095130,csv,2012,11,0.78
20260612095130,csv,2012,12,0.53
20260612095130,csv,2013,1,0.71
20260612095130,csv,2013,2,0.62
20260612095130,csv,2013,3,0.67
20260612095130,csv,2013,4,0.53
20260612095130,csv,2013,5,0.6
20260612095130,csv,2013,6,0.69
20260612095130,csv,2013,7,0.6
20260612095130,csv,2013,8,0.71
20260612095130,csv,2013,9,0.77
20260612095130,csv,2013,10,0.69
20260612095130,csv,2013,11,0.83
20260612095130,csv,2013,12,0.7
20260612095130,csv,2014,1,0.76
20260612095130,csv,2014,2,0.55
20260612095130,csv,2014,3,0.78
20260612095130,csv,2014,4,0.81
20260612095130,csv,2014,5,0.86
20260612095130,csv,2014,6,0.67
20260612095130,csv,2014,7,0.58
20260612095130,csv,2014,8,0.84
20260612095130,csv,2014,9,0.88
20260612095130,csv,2014,10,0.8
20260612095130,csv,2014,11,0.67
20260612095130,csv,2014,12,0.79
20260612095130,csv,2015,1,0.86
20260612095130,csv,2015,2,0.91
20260612095130,csv,2015,3,0.96
20260612095130,csv,2015,4,0.75
20260612095130,csv,2015,5,0.8
20260612095130,csv,2015,6,0.81
20260612095130,csv,2015,7,0.73
20260612095130,csv,2015,8,0.8
20260612095130,csv,2015,9,0.84
20260612095130,csv,2015,10,1.08
20260612095130,csv,2015,11,1.06
20260612095130,csv,2015,12,1.17
20260612095130,csv,2016,1,1.18
20260612095130,csv,2016,2,1.36
20260612095130,csv,2016,3,1.35
20260612095130,csv,2016,4,1.09
20260612095130,csv,2016,5,0.96
20260612095130,csv,2016,6,0.81
20260612095130,csv,2016,7,0.84
20260612095130,csv,2016,8,1.02
20260612095130,csv,2016,9,0.9
20260612095130,csv,2016,10,0.87
20260612095130,csv,2016,11,0.91
20260612095130,csv,2016,12,0.86
20260612095130,csv,2017,1,1.02
20260612095130,csv,2017,2,1.13
20260612095130,csv,2017,3,1.16
20260612095130,csv,2017,4,0.93
20260612095130,csv,2017,5,0.91
20260612095130,csv,2017,6,0.71
20260612095130,csv,2017,7,0.82
20260612095130,csv,2017,8,0.87
20260612095130,csv,2017,9,0.74
20260612095130,csv,2017,10,0.88
20260612095130,csv,2017,11,0.87
20260612095130,csv,2017,12,0.93
20260612095130,csv,2018,1,0.82
20260612095130,csv,2018,2,0.85
20260612095130,csv,2018,3,0.88
20260612095130,csv,2018,4,0.88
20260612095130,csv,2018,5,0.81
20260612095130,csv,2018,6,0.77
20260612095130,csv,2018,7,0.83
20260612095130,csv,2018,8,0.78
20260612095130,csv,2018,9,0.8
20260612095130,csv,2018,10,1.02
20260612095130,csv,2018,11,0.83
20260612095130,csv,2018,12,0.93
20260612095130,csv,2019,1,0.93
20260612095130,csv,2019,2,0.96
20260612095130,csv,2019,3,1.17
20260612095130,csv,2019,4,1.0
20260612095130,csv,2019,5,0.86
20260612095130,csv,2019,6,0.9
20260612095130,csv,2019,7,0.94
20260612095130,csv,2019,8,0.95
20260612095130,csv,2019,9,0.93
20260612095130,csv,2019,10,1.0
20260612095130,csv,2019,11,0.99
20260612095130,csv,2019,12,1.12
20260612095130,csv,2020,1,1.18
20260612095130,csv,2020,2,1.24
20260612095130,csv,2020,3,1.18
20260612095130,csv,2020,4,1.12
20260612095130,csv,2020,5,0.99
20260612095130,csv,2020,6,0.91
20260612095130,csv,2020,7,0.89
20260612095130,csv,2020,8,0.86
20260612095130,csv,2020,9,0.96
20260612095130,csv,2020,10,0.87
20260612095130,csv,2020,11,1.09
20260612095130,csv,2020,12,0.8
20260612095130,csv,2021,1,0.81
20260612095130,csv,2021,2,0.64
20260612095130,csv,2021,3,0.89
20260612095130,csv,2021,4,0.76
20260612095130,csv,2021,5,0.79
20260612095130,csv,2021,6,0.84
20260612095130,csv,2021,7,0.92
20260612095130,csv,2021,8,0.81
20260612095130,csv,2021,9,0.92
20260612095130,csv,2021,10,0.98
20260612095130,csv,2021,11,0.92
20260612095130,csv,2021,12,0.88
20260612095130,csv,2022,1,0.91
20260612095130,csv,2022,2,0.89
20260612095130,csv,2022,3,1.04
20260612095130,csv,2022,4,0.83
20260612095130,csv,2022,5,0.84
20260612095130,csv,2022,6,0.92
20260612095130,csv,2022,7,0.94
20260612095130,csv,2022,8,0.94
20260612095130,csv,2022,9,0.88
20260612095130,csv,2022,10,0.97
20260612095130,csv,2022,11,0.73
20260612095130,csv,2022,12,0.8
20260612095130,csv,2023,1,0.88
20260612095130,csv,2023,2,0.97
20260612095130,csv,2023,3,1.23
20260612095130,csv,2023,4,0.99
20260612095130,csv,2023,5,0.94
20260612095130,csv,2023,6,1.08
20260612095130,csv,2023,7,1.19
20260612095130,csv,2023,8,1.19
20260612095130,csv,2023,9,1.48
20260612095130,csv,2023,10,1.35
20260612095130,csv,2023,11,1.4
20260612095130,csv,2023,12,1.35
20260612095130,csv,2024,1,1.25
20260612095130,csv,2024,2,1.44
20260612095130,csv,2024,3,1.39
20260612095130,csv,2024,4,1.32
20260612095130,csv,2024,5,1.16
20260612095130,csv,2024,6,1.24
20260612095130,csv,2024,7,1.2
20260612095130,csv,2024,8,1.3
20260612095130,csv,2024,9,1.21
20260612095130,csv,2024,10,1.35
20260612095130,csv,2024,11,1.3
20260612095130,csv,2024,12,1.27
20260612095130,csv,2025,1,1.38
20260612095130,csv,2025,2,1.26
20260612095130,csv,2025,3,1.37
20260612095130,csv,2025,4,1.24
20260612095130,csv,2025,5,1.08
20260612095130,csv,2025,6,1.07
20260612095130,csv,2025,7,1.02
20260612095130,csv,2025,8,1.18
20260612095130,csv,2025,9,1.25
20260612095130,csv,2025,10,1.19
20260612095130,csv,2025,11,1.21
20260612095130,csv,2025,12,1.05
20260612095130,csv,2026,1,1.08
20260612095130,csv,2026,2,1.24
20260612095130,csv,2026,3,1.32
20260612095130,csv,2026,4,1.17
20260612095130,csv,2026,5,1.12
20260623230724,txt,2012,1,0.47
20260623230724,txt,2012,2,0.48
20260623230724,txt,2012,3,0.57
20260623230724,txt,2012,4,0.73
20260623230724,txt,2012,5,0.78
20260623230724,txt,2012,6,0.64
20260623230724,txt,2012,7,0.59
20260623230724,txt,2012,8,0.66
20260623230724,txt,2012,9,0.72
20260623230724,txt,2012,10,0.8
20260623230724,txt,2012,11,0.78
20260623230724,txt,2012,12,0.53
20260623230724,txt,2013,1,0.71
20260623230724,txt,2013,2,0.62
20260623230724,txt,2013,3,0.67
20260623230724,txt,2013,4,0.53
20260623230724,txt,2013,5,0.6
20260623230724,txt,2013,6,0.69
20260623230724,txt,2013,7,0.6
20260623230724,txt,2013,8,0.71
20260623230724,txt,2013,9,0.77
20260623230724,txt,2013,10,0.69
20260623230724,txt,2013,11,0.83
20260623230724,txt,2013,12,0.7
20260623230724,txt,2014,1,0.76
20260623230724,txt,2014,2,0.55
20260623230724,txt,2014,3,0.78
20260623230724,txt,2014,4,0.81
20260623230724,txt,2014,5,0.86
20260623230724,txt,2014,6,0.67
20260623230724,txt,2014,7,0.58
20260623230724,txt,2014,8,0.84
20260623230724,txt,2014,9,0.88
20260623230724,txt,2014,10,0.8
20260623230724,txt,2014,11,0.67
20260623230724,txt,2014,12,0.79
20260623230724,txt,2015,1,0.86
20260623230724,txt,2015,2,0.91
20260623230724,txt,2015,3,0.96
20260623230724,txt,2015,4,0.75
20260623230724,txt,2015,5,0.8
20260623230724,txt,2015,6,0.81
20260623230724,txt,2015,7,0.73
20260623230724,txt,2015,8,0.8
20260623230724,txt,2015,9,0.84
20260623230724,txt,2015,10,1.08
20260623230724,txt,2015,11,1.06
20260623230724,txt,2015,12,1.17
20260623230724,txt,2016,1,1.18
20260623230724,txt,2016,2,1.36
20260623230724,txt,2016,3,1.35
20260623230724,txt,2016,4,1.09
20260623230724,txt,2016,5,0.96
20260623230724,txt,2016,6,0.81
20260623230724,txt,2016,7,0.84
20260623230724,txt,2016,8,1.02
20260623230724,txt,2016,9,0.9
20260623230724,txt,2016,10,0.87
20260623230724,txt,2016,11,0.91
20260623230724,txt,2016,12,0.86
20260623230724,txt,2017,1,1.02
20260623230724,txt,2017,2,1.13
20260623230724,txt,2017,3,1.16
20260623230724,txt,2017,4,0.93
20260623230724,txt,2017,5,0.91
20260623230724,txt,2017,6,0.71
20260623230724,txt,2017,7,0.82
20260623230724,txt,2017,8,0.87
20260623230724,txt,2017,9,0.74
20260623230724,txt,2017,10,0.88
20260623230724,txt,2017,11,0.87
20260623230724,txt,2017,12,0.93
20260623230724,txt,2018,1,0.82
20260623230724,txt,2018,2,0.85
20260623230724,txt,2018,3,0.88
20260623230724,txt,2018,4,0.88
20260623230724,txt,2018,5,0.81
20260623230724,txt,2018,6,0.77
20260623230724,txt,2018,7,0.83
20260623230724,txt,2018,8,0.78
20260623230724,txt,2018,9,0.8
20260623230724,txt,2018,10,1.02
20260623230724,txt,2018,11,0.83
20260623230724,txt,2018,12,0.93
20260623230724,txt,2019,1,0.93
20260623230724,txt,2019,2,0.96
20260623230724,txt,2019,3,1.17
20260623230724,txt,2019,4,1.0
20260623230724,txt,2019,5,0.86
20260623230724,txt,2019,6,0.9
20260623230724,txt,2019,7,0.94
20260623230724,txt,2019,8,0.95
20260623230724,txt,2019,9,0.93
20260623230724,txt,2019,10,1.0
20260623230724,txt,2019,11,0.99
20260623230724,txt,2019,12,1.12
20260623230724,txt,2020,1,1.18
20260623230724,txt,2020,2,1.24
20260623230724,txt,2020,3,1.18
20260623230724,txt,2020,4,1.12
20260623230724,txt,2020,5,0.99
20260623230724,txt,2020,6,0.91
20260623230724,txt,2020,7,0.89
20260623230724,txt,2020,8,0.86
20260623230724,txt,2020,9,0.96
20260623230724,txt,2020,10,0.87
20260623230724,txt,2020,11,1.09
20260623230724,txt,2020,12,0.8
20260623230724,txt,2021,1,0.81
20260623230724,txt,2021,2,0.64
20260623230724,txt,2021,3,0.89
20260623230724,txt,2021,4,0.76
20260623230724,txt,2021,5,0.79
20260623230724,txt,2021,6,0.84
20260623230724,txt,2021,7,0.92
20260623230724,txt,2021,8,0.81
20260623230724,txt,2021,9,0.92
20260623230724,txt,2021,10,0.98
20260623230724,txt,2021,11,0.92
20260623230724,txt,2021,12,0.88
20260623230724,txt,2022,1,0.91
20260623230724,txt,2022,2,0.89
20260623230724,txt,2022,3,1.04
20260623230724,txt,2022,4,0.83
20260623230724,txt,2022,5,0.84
20260623230724,txt,2022,6,0.92
20260623230724,txt,2022,7,0.94
20260623230724,txt,2022,8,0.94
20260623230724,txt,2022,9,0.88
20260623230724,txt,2022,10,0.97
20260623230724,txt,2022,11,0.73
20260623230724,txt,2022,12,0.8
20260623230724,txt,2023,1,0.88
20260623230724,txt,2023,2,0.97
20260623230724,txt,2023,3,1.23
20260623230724,txt,2023,4,0.99
20260623230724,txt,2023,5,0.94
20260623230724,txt,2023,6,1.08
20260623230724,txt,2023,7,1.19
20260623230724,txt,2023,8,1.19
20260623230724,txt,2023,9,1.48
20260623230724,txt,2023,10,1.35
20260623230724,txt,2023,11,1.4
20260623230724,txt,2023,12,1.35
20260623230724,txt,2024,1,1.25
20260623230724,txt,2024,2,1.44
20260623230724,txt,2024,3,1.39
20260623230724,txt,2024,4,1.32
20260623230724,txt,2024,5,1.16
20260623230724,txt,2024,6,1.24
20260623230724,txt,2024,7,1.2
20260623230724,txt,2024,8,1.3
20260623230724,txt,2024,9,1.21
20260623230724,txt,2024,10,1.35
20260623230724,txt,2024,11,1.3
20260623230724,txt,2024,12,1.27
20260623230724,txt,2025,1,1.38
20260623230724,txt,2025,2,1.26
20260623230724,txt,2025,3,1.37
20260623230724,txt,2025,4,1.24
20260623230724,txt,2025,5,1.08
20260623230724,txt,2025,6,1.07
20260623230724,txt,2025,7,1.02
20260623230724,txt,2025,8,1.18
20260623230724,txt,2025,9,1.25
20260623230724,txt,2025,10,1.19
20260623230724,txt,2025,11,1.21
20260623230724,txt,2025,12,1.05
20260623230724,txt,2026,1,1.08
20260623230724,txt,2026,2,1.24
20260623230724,txt,2026,3,1.32
20260623230724,txt,2026,4,1.17
20260623230724,txt,2026,5,1.12
20260710215722,txt,2012,1,0.47
20260710215722,txt,2012,2,0.48
20260710215722,txt,2012,3,0.57
20260710215722,txt,2012,4,0.73
20260710215722,txt,2012,5,0.78
20260710215722,txt,2012,6,0.65
20260710215722,txt,2012,7,0.59
20260710215722,txt,2012,8,0.66
20260710215722,txt,2012,9,0.72
20260710215722,txt,2012,10,0.8
20260710215722,txt,2012,11,0.78
20260710215722,txt,2012,12,0.52
20260710215722,txt,2013,1,0.71
20260710215722,txt,2013,2,0.62
20260710215722,txt,2013,3,0.67
20260710215722,txt,2013,4,0.53
20260710215722,txt,2013,5,0.6
20260710215722,txt,2013,6,0.7
20260710215722,txt,2013,7,0.6
20260710215722,txt,2013,8,0.7
20260710215722,txt,2013,9,0.76
20260710215722,txt,2013,10,0.69
20260710215722,txt,2013,11,0.83
20260710215722,txt,2013,12,0.7
20260710215722,txt,2014,1,0.76
20260710215722,txt,2014,2,0.55
20260710215722,txt,2014,3,0.78
20260710215722,txt,2014,4,0.81
20260710215722,txt,2014,5,0.86
20260710215722,txt,2014,6,0.67
20260710215722,txt,2014,7,0.58
20260710215722,txt,2014,8,0.83
20260710215722,txt,2014,9,0.88
20260710215722,txt,2014,10,0.8
20260710215722,txt,2014,11,0.67
20260710215722,txt,2014,12,0.79
20260710215722,txt,2015,1,0.86
20260710215722,txt,2015,2,0.91
20260710215722,txt,2015,3,0.96
20260710215722,txt,2015,4,0.75
20260710215722,txt,2015,5,0.8
20260710215722,txt,2015,6,0.81
20260710215722,txt,2015,7,0.73
20260710215722,txt,2015,8,0.8
20260710215722,txt,2015,9,0.83
20260710215722,txt,2015,10,1.07
20260710215722,txt,2015,11,1.06
20260710215722,txt,2015,12,1.17
20260710215722,txt,2016,1,1.18
20260710215722,txt,2016,2,1.36
20260710215722,txt,2016,3,1.35
20260710215722,txt,2016,4,1.09
20260710215722,txt,2016,5,0.96
20260710215722,txt,2016,6,0.81
20260710215722,txt,2016,7,0.84
20260710215722,txt,2016,8,1.01
20260710215722,txt,2016,9,0.9
20260710215722,txt,2016,10,0.87
20260710215722,txt,2016,11,0.91
20260710215722,txt,2016,12,0.86
20260710215722,txt,2017,1,1.02
20260710215722,txt,2017,2,1.13
20260710215722,txt,2017,3,1.16
20260710215722,txt,2017,4,0.93
20260710215722,txt,2017,5,0.91
20260710215722,txt,2017,6,0.71
20260710215722,txt,2017,7,0.82
20260710215722,txt,2017,8,0.87
20260710215722,txt,2017,9,0.74
20260710215722,txt,2017,10,0.88
20260710215722,txt,2017,11,0.87
20260710215722,txt,2017,12,0.93
20260710215722,txt,2018,1,0.82
20260710215722,txt,2018,2,0.84
20260710215722,txt,2018,3,0.88
20260710215722,txt,2018,4,0.88
20260710215722,txt,2018,5,0.81
20260710215722,txt,2018,6,0.76
20260710215722,txt,2018,7,0.83
20260710215722,txt,2018,8,0.78
20260710215722,txt,2018,9,0.8
20260710215722,txt,2018,10,1.02
20260710215722,txt,2018,11,0.83
20260710215722,txt,2018,12,0.93
20260710215722,txt,2019,1,0.93
20260710215722,txt,2019,2,0.95
20260710215722,txt,2019,3,1.17
20260710215722,txt,2019,4,1.0
20260710215722,txt,2019,5,0.86
20260710215722,txt,2019,6,0.9
20260710215722,txt,2019,7,0.94
20260710215722,txt,2019,8,0.95
20260710215722,txt,2019,9,0.93
20260710215722,txt,2019,10,1.0
20260710215722,txt,2019,11,0.99
20260710215722,txt,2019,12,1.11
20260710215722,txt,2020,1,1.18
20260710215722,txt,2020,2,1.24
20260710215722,txt,2020,3,1.18
20260710215722,txt,2020,4,1.12
20260710215722,txt,2020,5,0.99
20260710215722,txt,2020,6,0.91
20260710215722,txt,2020,7,0.89
20260710215722,txt,2020,8,0.86
20260710215722,txt,2020,9,0.96
20260710215722,txt,2020,10,0.87
20260710215722,txt,2020,11,1.08
20260710215722,txt,2020,12,0.8
20260710215722,txt,2021,1,0.81
20260710215722,txt,2021,2,0.64
20260710215722,txt,2021,3,0.89
20260710215722,txt,2021,4,0.76
20260710215722,txt,2021,5,0.79
20260710215722,txt,2021,6,0.84
20260710215722,txt,2021,7,0.92
20260710215722,txt,2021,8,0.81
20260710215722,txt,2021,9,0.92
20260710215722,txt,2021,10,0.98
20260710215722,txt,2021,11,0.92
20260710215722,txt,2021,12,0.88
20260710215722,txt,2022,1,0.91
20260710215722,txt,2022,2,0.89
20260710215722,txt,2022,3,1.04
20260710215722,txt,2022,4,0.83
20260710215722,txt,2022,5,0.84
20260710215722,txt,2022,6,0.92
20260710215722,txt,2022,7,0.94
20260710215722,txt,2022,8,0.94
20260710215722,txt,2022,9,0.88
20260710215722,txt,2022,10,0.97
20260710215722,txt,2022,11,0.73
20260710215722,txt,2022,12,0.8
20260710215722,txt,2023,1,0.87
20260710215722,txt,2023,2,0.96
20260710215722,txt,2023,3,1.23
20260710215722,txt,2023,4,0.98
20260710215722,txt,2023,5,0.94
20260710215722,txt,2023,6,1.08
20260710215722,txt,2023,7,1.19
20260710215722,txt,2023,8,1.19
20260710215722,txt,2023,9,1.48
20260710215722,txt,2023,10,1.34
20260710215722,txt,2023,11,1.4
20260710215722,txt,2023,12,1.35
20260710215722,txt,2024,1,1.25
20260710215722,txt,2024,2,1.43
20260710215722,txt,2024,3,1.39
20260710215722,txt,2024,4,1.32
20260710215722,txt,2024,5,1.16
20260710215722,txt,2024,6,1.23
20260710215722,txt,2024,7,1.2
20260710215722,txt,2024,8,1.3
20260710215722,txt,2024,9,1.21
20260710215722,txt,2024,10,1.35
20260710215722,txt,2024,11,1.3
20260710215722,txt,2024,12,1.27
20260710215722,txt,2025,1,1.38
20260710215722,txt,2025,2,1.26
20260710215722,txt,2025,3,1.37
20260710215722,txt,2025,4,1.24
20260710215722,txt,2025,5,1.08
20260710215722,txt,2025,6,1.07
20260710215722,txt,2025,7,1.02
20260710215722,txt,2025,8,1.17
20260710215722,txt,2025,9,1.25
20260710215722,txt,2025,10,1.19
20260710215722,txt,2025,11,1.21
20260710215722,txt,2025,12,1.06
20260710215722,txt,2026,1,1.08
20260710215722,txt,2026,2,1.25
20260710215722,txt,2026,3,1.32
20260710215722,txt,2026,4,1.17
20260710215722,txt,2026,5,1.13
20260710215722,txt,2026,6,1.18
